id,smiles,inchikey,mwt,clogp,Sales Order,Reference,Manufacturing ID,Product,Purification,Sequence Name,Sequence Notes,Unit Size,Bases,Sequence,Anhydrous Molecular Weight,nmoles/OD,ug/OD,Extinction Coefficient,GC Content,Tm (50mM NaCl) C,Modifications and Services,Final OD,nmoles,Conc,Volume,Buffer,Print Date,Well Position,pmic
,,,,,21249779,511588616,384135062,25 nmole DNA Plate Oligo,Standard Desalting,winston2022-FP1,,0.025,20,CTA TCT GGC CTC AAA GCA CT,6037.0,5.479452055,33.07930411,182500,50,54.56457524, Standard Desalting ,3.6,20nmoles,,,,3/31/2025 12:10:08 PM,A01,
,,,,,21249779,511588617,384135063,25 nmole DNA Plate Oligo,Standard Desalting,winston2022-FP2,,0.025,20,TCT GGC AGC ACG AAG ATA AG,6175.1,4.928536225,30.43406111,202900,50,54.7125275, Standard Desalting ,4.3,21.3nmoles,,,,3/31/2025 12:10:08 PM,A02,
,,,,,21249779,511588618,384135064,25 nmole DNA Plate Oligo,Standard Desalting,winston2022-FP3,,0.025,20,AGG AGA CAA GTA ACG TGT GC,6215.1,4.793863854,29.79431927,208600,50,54.81066169, Standard Desalting ,5.3,25.6nmoles,,,,3/31/2025 12:10:08 PM,A03,
,,,,,21249779,511588619,384135065,25 nmole DNA Plate Oligo,Standard Desalting,winston2022-FP4,,0.025,20,TAA GAA AGG CAT CGT CAC CG,6135.0,4.970178926,30.49228131,201200,50,54.92175559, Standard Desalting ,5.0,24.7nmoles,,,,3/31/2025 12:10:08 PM,A04,
,,,,,21249779,511588620,384135066,25 nmole DNA Plate Oligo,Standard Desalting,winston2022-FP5,,0.025,20,GTC ACG TCA CCA GGT AAC AA,6095.0,4.980079681,30.3537002,200800,50,54.77521275, Standard Desalting ,4.1,20.6nmoles,,,,3/31/2025 12:10:08 PM,A05,
,,,,,21249779,511588621,384135067,25 nmole DNA Plate Oligo,Standard Desalting,winston2022-FP6,,0.025,20,TTT CCG ATA GTT GAG GCA GG,6188.1,5.115089514,31.65246036,195500,50,54.51074332, Standard Desalting ,6.0,30.9nmoles,,,,3/31/2025 12:10:08 PM,A06,
,,,,,21249779,511588622,384135068,25 nmole DNA Plate Oligo,Standard Desalting,winston2022-FP7,,0.025,20,TGG TGA AAC TAC CGA CTT CC,6077.0,5.330490405,32.3933742,187600,50,54.34377512, Standard Desalting ,4.2,22.6nmoles,,,,3/31/2025 12:10:08 PM,A07,
,,,,,21249779,511588623,384135069,25 nmole DNA Plate Oligo,Standard Desalting,winston2022-FP8,,0.025,20,AGT TGG TGA CTA TCC GTC CT,6099.0,5.361930295,32.70238606,186500,50,55.19015221, Standard Desalting ,5.0,26.8nmoles,,,,3/31/2025 12:10:08 PM,A08,
,,,,,21249779,511588624,384135070,25 nmole DNA Plate Oligo,Standard Desalting,winston2022-FP9,,0.025,20,CAC ATA GGC AAA GCG GAG TA,6184.1,4.775549188,29.53239733,209400,50,54.75310508, Standard Desalting ,6.5,30.8nmoles,,,,3/31/2025 12:10:08 PM,A09,
,,,,,21249779,511588625,384135071,25 nmole DNA Plate Oligo,Standard Desalting,winston2022-RP1,,0.025,20,TAG GCA AGA GGA GGA GTC AA,6264.1,4.618937644,28.9336351,216500,50,54.93781262, Standard Desalting ,4.2,19.2nmoles,,,,3/31/2025 12:10:08 PM,B01,
,,,,,21249779,511588626,384135072,25 nmole DNA Plate Oligo,Standard Desalting,winston2022-RP2,,0.025,20,ACA GGA GCA GAA TTG AGT CG,6215.1,4.786979416,29.75153183,208900,50,54.6699181, Standard Desalting ,5.5,26.5nmoles,,,,3/31/2025 12:10:08 PM,B02,
,,,,,21249779,511588627,384135073,25 nmole DNA Plate Oligo,Standard Desalting,winston2022-RP3,,0.025,20,TTC CAC AAT CAG TGC TCG AC,6037.0,5.39083558,32.54432884,185500,50,55.13614974, Standard Desalting ,5.5,29.6nmoles,,,,3/31/2025 12:10:08 PM,B03,
,,,,,21249779,511588628,384135074,25 nmole DNA Plate Oligo,Standard Desalting,winston2022-RP4,,0.025,20,AAT AAG TGG CCG AGC AGT AC,6175.1,4.861448712,30.01979096,205700,50,54.75989953, Standard Desalting ,5.3,25.8nmoles,,,,3/31/2025 12:10:09 PM,B04,
,,,,,21249779,511588629,384135075,25 nmole DNA Plate Oligo,Standard Desalting,winston2022-RP5,,0.025,20,TCT TTC GCT AGA GAC AAC GC,6077.0,5.330490405,32.3933742,187600,50,54.79349307, Standard Desalting ,5.6,30nmoles,,,,3/31/2025 12:10:09 PM,B05,
,,,,,21249779,511588630,384135076,25 nmole DNA Plate Oligo,Standard Desalting,winston2022-RP6,,0.025,20,CAA GCC TGT CGG AGA AAT GA,6175.1,4.918839154,30.37418101,203300,50,54.96938286, Standard Desalting ,5.2,25.8nmoles,,,,3/31/2025 12:10:09 PM,B06,
,,,,,21249779,511588631,384135077,25 nmole DNA Plate Oligo,Standard Desalting,winston2022-RP7,,0.025,20,AAG ATC AAC GCG AAG AGA GG,6233.1,4.618937644,28.79039723,216500,50,54.65226263, Standard Desalting ,5.0,22.9nmoles,,,,3/31/2025 12:10:09 PM,B07,
,,,,,21249779,511588632,384135078,25 nmole DNA Plate Oligo,Standard Desalting,winston2022-RP8,,0.025,20,ACC GAA GCC TAT TGT CTT GC,6068.0,5.42888165,32.94236699,184200,50,55.28331716, Standard Desalting ,5.7,30.8nmoles,,,,3/31/2025 12:10:09 PM,B08,
,,,,,21249779,511588633,384135079,25 nmole DNA Plate Oligo,Standard Desalting,winston2022-RP9,,0.025,20,CGG TTA AAT TAC CAG CAG CG,6126.0,5.096839959,31.22341488,196200,50,54.27875402, Standard Desalting ,4.9,24.7nmoles,,,,3/31/2025 12:10:09 PM,B09,
,,,,,21249779,511588634,384135080,25 nmole DNA Plate Oligo,Standard Desalting,subramanian2018-1,,0.025,20,AAA CAC GTG GCA AAC ATT CC,6079.0,5.050505051,30.70214141,198000,45,54.43963797, Standard Desalting ,4.5,22.6nmoles,,,,3/31/2025 12:10:09 PM,D01,
,,,,,21249779,511588635,384135081,25 nmole DNA Plate Oligo,Standard Desalting,subramanian2018-2,,0.025,20,AAA CCG GAG CCA TAC AGT AC,6104.0,4.906771344,29.95110893,203800,50,54.49070524, Standard Desalting ,6.0,29.4nmoles,,,,3/31/2025 12:10:09 PM,D02,
,,,,,21249779,511588636,384135082,25 nmole DNA Plate Oligo,Standard Desalting,subramanian2018-3,,0.025,20,AAA GCA CTC TTA GGC CTC TG,6077.0,5.347593583,32.49731016,187000,50,54.49384013, Standard Desalting ,3.3,17.4nmoles,,,,3/31/2025 12:10:09 PM,D03,
,,,,,21249779,511588637,384135083,25 nmole DNA Plate Oligo,Standard Desalting,subramanian2018-4,,0.025,20,AAA GGG GCC GTC AAT ATC AG,6175.1,4.868549172,30.06363681,205400,50,54.91870795, Standard Desalting ,5.8,28.2nmoles,,,,3/31/2025 12:10:09 PM,D04,
,,,,,21249779,511588638,384135084,25 nmole DNA Plate Oligo,Standard Desalting,subramanian2018-5,,0.025,20,AAA TAA GAC GAC GAC CCT CG,6104.0,4.923682915,30.05433776,203100,50,54.34415368, Standard Desalting ,5.1,25.2nmoles,,,,3/31/2025 12:10:09 PM,D05,
,,,,,21249779,511588639,384135085,25 nmole DNA Plate Oligo,Standard Desalting,subramanian2018-6,,0.025,20,AAC GAT GAT GCT CAC TCT CG,6077.0,5.296610169,32.18748411,188800,50,54.65470825, Standard Desalting ,4.4,23.2nmoles,,,,3/31/2025 12:10:09 PM,D06,
,,,,,21249779,511588640,384135086,25 nmole DNA Plate Oligo,Standard Desalting,subramanian2018-7,,0.025,20,AAG AAT TAC TGA CCC CTC GG,6086.0,5.157297576,31.38736462,193900,50,53.99913515, Standard Desalting ,5.1,26.1nmoles,,,,3/31/2025 12:10:09 PM,D07,
,,,,,21249779,511588641,384135087,25 nmole DNA Plate Oligo,Standard Desalting,subramanian2018-8,,0.025,20,AAG ACG ATC CGA GCC ATT AC,6095.0,5.002501251,30.49036018,199900,50,54.50431063, Standard Desalting ,4.5,22.7nmoles,,,,3/31/2025 12:10:09 PM,D08,
,,,,,21249779,511588642,384135088,25 nmole DNA Plate Oligo,Standard Desalting,subramanian2018-9,,0.025,20,AAG GAA CTA TGG CAT CGA GC,6175.1,4.909180167,30.31453608,203700,50,54.85715843, Standard Desalting ,4.7,23.1nmoles,,,,3/31/2025 12:10:09 PM,D09,
,,,,,21249779,511588643,384135089,25 nmole DNA Plate Oligo,Standard Desalting,subramanian2018-10,,0.025,20,AAG GAC TGC ATA CCA GGT TG,6166.1,4.997501249,30.81488256,200100,50,54.79774531, Standard Desalting ,5.2,26.2nmoles,,,,3/31/2025 12:10:09 PM,D10,
,,,,,21249779,511588644,384135090,25 nmole DNA Plate Oligo,Standard Desalting,subramanian2018-11,,0.025,20,AAG GAT ATG TAG ACA CCG CC,6135.0,4.911591356,30.13284381,203600,50,54.05724194, Standard Desalting ,5.3,26nmoles,,,,3/31/2025 12:10:09 PM,D11,
,,,,,21249779,511588645,384135091,25 nmole DNA Plate Oligo,Standard Desalting,subramanian2018-12,,0.025,20,AAG GCC CAG AAG GAT ACA AC,6153.1,4.770992366,29.35626431,209600,50,54.60247192, Standard Desalting ,4.3,20.4nmoles,,,,3/31/2025 12:10:09 PM,D12,
,,,,,21249779,511588646,384135092,25 nmole DNA Plate Oligo,Standard Desalting,subramanian2018-84,,0.025,20,ATT AGG ATT GCG AGC GAC AC,6166.1,4.985044865,30.73807577,200600,50,55.25911371, Standard Desalting ,4.1,20.5nmoles,,,,3/31/2025 12:10:09 PM,E01,
,,,,,21249779,511588647,384135093,25 nmole DNA Plate Oligo,Standard Desalting,subramanian2018-85,,0.025,20,ATT AGT ACA CTC CGT GAG CG,6117.0,5.109862034,31.25713337,195700,50,54.10727396, Standard Desalting ,4.8,24.3nmoles,,,,3/31/2025 12:10:09 PM,E02,
,,,,,21249779,511588648,384135094,25 nmole DNA Plate Oligo,Standard Desalting,subramanian2018-86,,0.025,20,ATT CAA GGG TTG GAC GAC TC,6157.0,5.104645227,31.42953037,195900,50,54.70829474, Standard Desalting ,5.6,28.5nmoles,,,,3/31/2025 12:10:09 PM,E03,
,,,,,21249779,511588649,384135095,25 nmole DNA Plate Oligo,Standard Desalting,subramanian2018-87,,0.025,20,ATT CTC ACG ACG CAA GAT GG,6126.0,5.076142132,31.09661929,197000,50,55.21132283, Standard Desalting ,3.5,17.8nmoles,,,,3/31/2025 12:10:09 PM,E04,
,,,,,21249779,511588650,384135096,25 nmole DNA Plate Oligo,Standard Desalting,subramanian2018-88,,0.025,20,ATT GAC GGG AAC TAC ACT CG,6126.0,5.081300813,31.12822154,196800,50,54.35915081, Standard Desalting ,5.1,25.9nmoles,,,,3/31/2025 12:10:09 PM,E05,
,,,,,21249779,511588651,384135097,25 nmole DNA Plate Oligo,Standard Desalting,subramanian2018-89,,0.025,20,CAC TCG ATA GGT ACA ACC GG,6111.0,5.078720163,31.03617064,196900,55,54.69931982, Standard Desalting ,5.5,28nmoles,,,,3/31/2025 12:10:09 PM,E06,
,,,,,21249779,511588652,384135098,25 nmole DNA Plate Oligo,Standard Desalting,subramanian2018-90,,0.025,20,CAG ACC TAC GGA TCT TAG CG,6102.0,5.208333333,31.78129688,192000,55,54.47339321, Standard Desalting ,5.0,25.8nmoles,,,,3/31/2025 12:10:09 PM,E07,
,,,,,21249779,511588653,384135099,25 nmole DNA Plate Oligo,Standard Desalting,subramanian2018-91,,0.025,20,CCA CGA GAT AAG AGG ATG GC,6200.1,4.842615012,30.02461501,206500,55,54.88761057, Standard Desalting ,5.5,26.6nmoles,,,,3/31/2025 12:10:09 PM,E08,
,,,,,21249779,511588654,384135100,25 nmole DNA Plate Oligo,Standard Desalting,subramanian2018-92,,0.025,20,CCA GAG CTT AGG GGA CAT AC,6151.0,5.022601708,30.89425414,199100,55,54.36797427, Standard Desalting ,5.6,28.2nmoles,,,,3/31/2025 12:10:09 PM,E09,
,,,,,21249779,511588655,384135101,25 nmole DNA Plate Oligo,Standard Desalting,subramanian2018-93,,0.025,20,CCC GAG GGG AGA AAT ATA CC,6160.1,4.897159647,30.16679236,204200,55,54.21250718, Standard Desalting ,5.4,26.6nmoles,,,,3/31/2025 12:10:09 PM,E10,
,,,,,21249779,511588656,384135102,25 nmole DNA Plate Oligo,Standard Desalting,subramanian2018-94,,0.025,20,CCG AGG GAA CCA TGA TAC AG,6160.1,4.904364885,30.21117705,203900,55,54.87802212, Standard Desalting ,5.0,24.4nmoles,,,,3/31/2025 12:10:09 PM,E11,
,,,,,21249779,511588657,384135103,25 nmole DNA Plate Oligo,Standard Desalting,subramanian2018-95,,0.025,20,CCG GGA GGA AGA TAT AGC AC,6200.1,4.823926676,29.90874578,207300,55,54.42530904, Standard Desalting ,5.1,24.5nmoles,,,,3/31/2025 12:10:09 PM,E12,
,,,,,21249779,511588658,384135104,25 nmole DNA Plate Oligo,Standard Desalting,subramanian2018-96,,0.025,20,CCG GTT GTA CCT ATC GAG TG,6124.0,5.305039788,32.4881008,188500,55,54.69931982, Standard Desalting ,5.6,29.5nmoles,,,,3/31/2025 12:10:09 PM,F01,
,,,,,21249779,511588659,384135105,25 nmole DNA Plate Oligo,Standard Desalting,subramanian2018-97,,0.025,20,CCG TGC GAC AAG ATT TCA AG,6126.0,5.107252298,31.28720123,195800,50,54.42453978, Standard Desalting ,4.4,22.4nmoles,,,,3/31/2025 12:10:09 PM,F02,
,,,,,21249779,511588660,384135106,25 nmole DNA Plate Oligo,Standard Desalting,subramanian2018-98,,0.025,20,CCT TTA ACA GGA CAT GCA GC,6086.0,5.230125523,31.83059623,191200,50,54.07606232, Standard Desalting ,4.0,21.2nmoles,,,,3/31/2025 12:10:09 PM,F03,
,,,,,21249779,511588661,384135107,25 nmole DNA Plate Oligo,Standard Desalting,subramanian2018-99,,0.025,20,CGA ACG CAA AAG TCC TCA AG,6104.0,5.012531328,30.59667168,199500,50,54.35713092, Standard Desalting ,5.5,27.8nmoles,,,,3/31/2025 12:10:09 PM,F04,
,,,,,21249779,511588662,384135108,25 nmole DNA Plate Oligo,Standard Desalting,subramanian2018-100,,0.025,20,CGA TAG AAC GAC CAG GTA GC,6160.1,4.887585533,30.10781525,204600,55,54.70975163, Standard Desalting ,5.7,27.6nmoles,,,,3/31/2025 12:10:09 PM,F05,
,,,,,21249779,511588663,384135109,25 nmole DNA Plate Oligo,Standard Desalting,subramanian2018-101,,0.025,20,CGG ATC GAA CTT AGG TAG CC,6142.0,5.12295082,31.46533299,195200,55,54.77488973, Standard Desalting ,5.7,29nmoles,,,,3/31/2025 12:10:09 PM,F06,
,,,,,21249779,511588664,384135110,25 nmole DNA Plate Oligo,Standard Desalting,subramanian2018-102,,0.025,20,CGG GAG GAA GTC TTT AGA CC,6182.1,5.0530571,31.23828701,197900,55,54.4762288, Standard Desalting ,4.4,22.2nmoles,,,,3/31/2025 12:10:09 PM,F07,
,,,,,21249779,511588665,384135111,25 nmole DNA Plate Oligo,Standard Desalting,subramanian2018-103,,0.025,20,CTA ATA TCC CTG AGC GAC GG,6102.0,5.219206681,31.84764614,191600,55,54.606435, Standard Desalting ,5.5,28.5nmoles,,,,3/31/2025 12:10:09 PM,F08,
,,,,,21249779,511588666,384135112,25 nmole DNA Plate Oligo,Standard Desalting,subramanian2018-104,,0.025,20,CTA GGG AAC CAG GCT TAA CG,6151.0,5.076142132,31.22358376,197000,55,55.04788004, Standard Desalting ,6.3,31.9nmoles,,,,3/31/2025 12:10:09 PM,F09,
,,,,,21249779,511588667,384135113,25 nmole DNA Plate Oligo,Standard Desalting,subramanian2018-105,,0.025,20,CTA GGG GAT GGT CCA ATA CG,6182.1,5.030181087,31.0968662,198800,55,54.41293647, Standard Desalting ,5.9,29.8nmoles,,,,3/31/2025 12:10:09 PM,F10,
,,,,,21249779,511588668,384135114,25 nmole DNA Plate Oligo,Standard Desalting,subramanian2018-106,,0.025,20,CTA TAG AAT CCG GGC TGG TC,6133.0,5.249343832,32.19433071,190500,55,54.42530904, Standard Desalting ,4.5,23.8nmoles,,,,3/31/2025 12:10:09 PM,F11,
,,,,,21249779,511588669,384135115,25 nmole DNA Plate Oligo,Standard Desalting,subramanian2018-107,,0.025,20,CTG CTA GGG GCT ACT TAT CG,6124.0,5.420054201,33.19244986,184500,55,54.36122069, Standard Desalting ,4.0,21.5nmoles,,,,3/31/2025 12:10:09 PM,F12,
,,,,,21249779,511588670,384135116,25 nmole DNA Plate Oligo,Standard Desalting,subramanian2018-108,,0.025,20,GAA AAG TCC CAA TGA GTG CC,6135.0,4.997501249,30.65990505,200100,50,54.06986962, Standard Desalting ,5.2,26.2nmoles,,,,3/31/2025 12:10:09 PM,G01,
,,,,,21249779,511588671,384135117,25 nmole DNA Plate Oligo,Standard Desalting,subramanian2018-109,,0.025,20,GAA GTG GTT TGC CTA AAC GC,6157.0,5.18134715,31.90178756,193000,50,54.7186768, Standard Desalting ,5.3,27.4nmoles,,,,3/31/2025 12:10:09 PM,G02,
,,,,,21249779,511588672,384135118,25 nmole DNA Plate Oligo,Standard Desalting,subramanian2018-110,,0.025,20,GAC CAT GCA AGG AGA GGT AC,6200.1,4.830917874,29.95209179,207000,55,55.0752669, Standard Desalting ,4.3,20.6nmoles,,,,3/31/2025 12:10:09 PM,G03,
,,,,,21249779,511588673,384135119,25 nmole DNA Plate Oligo,Standard Desalting,subramanian2018-111,,0.025,20,GAT ACA TAG ACT TGG CCC CG,6102.0,5.189413596,31.66584847,192700,55,54.92800464, Standard Desalting ,4.8,25.1nmoles,,,,3/31/2025 12:10:09 PM,G04,
,,,,,21249779,511588674,384135120,25 nmole DNA Plate Oligo,Standard Desalting,subramanian2018-112,,0.025,20,GCA CGC AAA AGG ACA TAA CC,6113.0,4.906771344,29.99533366,203800,50,54.78683021, Standard Desalting ,4.9,24.1nmoles,,,,3/31/2025 12:10:09 PM,G05,
,,,,,21249779,511588675,384135121,25 nmole DNA Plate Oligo,Standard Desalting,subramanian2018-113,,0.025,20,GCA GCG TTT TAG CCT ACA AG,6117.0,5.213764338,31.89270594,191800,50,54.23610256, Standard Desalting ,5.6,29.1nmoles,,,,3/31/2025 12:10:09 PM,G06,
,,,,,21249779,511588676,384135122,25 nmole DNA Plate Oligo,Standard Desalting,subramanian2018-114,,0.025,20,GCA TAA AGT TGA CAG GCC AG,6175.1,4.909180167,30.31453608,203700,50,54.07606232, Standard Desalting ,4.9,23.9nmoles,,,,3/31/2025 12:10:09 PM,G07,
,,,,,21249779,511588677,384135123,25 nmole DNA Plate Oligo,Standard Desalting,subramanian2018-115,,0.025,20,GCT AAA TAG AGG GAA GCC CC,6160.1,4.943153732,30.45011864,202300,55,55.02153361, Standard Desalting ,5.5,27.3nmoles,,,,3/31/2025 12:10:09 PM,G08,
,,,,,21249779,511588678,384135124,25 nmole DNA Plate Oligo,Standard Desalting,subramanian2018-116,,0.025,20,GGA AAA CTA AGA CAA GGC GC,6193.1,4.784688995,29.63204306,209000,50,54.23103239, Standard Desalting ,4.2,20nmoles,,,,3/31/2025 12:10:09 PM,G09,
,,,,,21249779,511588679,384135125,25 nmole DNA Plate Oligo,Standard Desalting,subramanian2018-117,,0.025,20,GGA AAC AAT AAC CAT CGG CG,6144.1,4.89955904,30.10318471,204100,50,54.34214907, Standard Desalting ,5.4,26.4nmoles,,,,3/31/2025 12:10:09 PM,G10,
,,,,,21249779,511588680,384135126,25 nmole DNA Plate Oligo,Standard Desalting,subramanian2018-118,,0.025,20,GGG CAC CGA TTA AGA AAT GC,6175.1,4.945598417,30.53942136,202200,50,54.43230272, Standard Desalting ,6.0,29.9nmoles,,,,3/31/2025 12:10:10 PM,G11,
,,,,,21249779,511588681,384135127,25 nmole DNA Plate Oligo,Standard Desalting,subramanian2018-119,,0.025,20,GGG TTG TCT CCT CTG ATA GC,6115.0,5.494505495,33.59886813,182000,55,54.57265546, Standard Desalting ,3.5,19.2nmoles,,,,3/31/2025 12:10:10 PM,G12,
,,,,,21249779,511588682,384135128,25 nmole DNA Plate Oligo,Standard Desalting,subramanian2018-120,,0.025,20,GTA CTC AGA GAT TGC CGG AG,6182.1,5.017561465,31.01885098,199300,55,54.75160493, Standard Desalting ,4.7,23.8nmoles,,,,3/31/2025 12:10:10 PM,H01,
,,,,,21249779,511588683,384135129,25 nmole DNA Plate Oligo,Standard Desalting,subramanian2018-121,,0.025,20,GTA TAA GAT CAG CCG GAC CC,6111.0,5.042864347,30.81705497,198300,55,54.66729885, Standard Desalting ,3.7,18.8nmoles,,,,3/31/2025 12:10:10 PM,H02,
,,,,,21249779,511588684,384135130,25 nmole DNA Plate Oligo,Standard Desalting,subramanian2018-122,,0.025,20,GTA TGT CGG CTC TCG TAT CG,6115.0,5.402485143,33.03616424,185100,55,54.69830752, Standard Desalting ,4.7,25.5nmoles,,,,3/31/2025 12:10:10 PM,H03,
,,,,,21249779,511588685,384135131,25 nmole DNA Plate Oligo,Standard Desalting,subramanian2018-123,,0.025,20,GTT CAG AGG TAC GAA CCC TC,6102.0,5.175983437,31.58389752,193200,55,54.65191638, Standard Desalting ,4.3,22.2nmoles,,,,3/31/2025 12:10:10 PM,H04,
,,,,,21249779,511588686,384135132,25 nmole DNA Plate Oligo,Standard Desalting,subramanian2018-124,,0.025,20,GTT GCA TCT AAG CCA AGT GC,6117.0,5.238344683,32.04306443,190900,50,54.5795691, Standard Desalting ,4.6,24.1nmoles,,,,3/31/2025 12:10:10 PM,H05,
,,,,,21249779,511588687,384135133,25 nmole DNA Plate Oligo,Standard Desalting,subramanian2018-125,,0.025,20,TAA AGA GAG GGC GTC CAA TC,6175.1,4.892367906,30.21071918,204400,50,54.24908429, Standard Desalting ,5.2,25.7nmoles,,,,3/31/2025 12:10:10 PM,H06,
,,,,,21249779,511588688,384135134,25 nmole DNA Plate Oligo,Standard Desalting,subramanian2018-126,,0.025,20,TAA CGA CGT GCC GAA CTT AG,6126.0,5.094243505,31.20750891,196300,50,54.74043182, Standard Desalting ,4.7,23.9nmoles,,,,3/31/2025 12:10:10 PM,H07,
,,,,,21249779,511588689,384135135,25 nmole DNA Plate Oligo,Standard Desalting,subramanian2018-127,,0.025,20,TAA GAT AGC ACC ACG GAT GG,6175.1,4.875670405,30.10761092,205100,50,54.05084188, Standard Desalting ,5.3,25.6nmoles,,,,3/31/2025 12:10:10 PM,H08,
,,,,,21249779,511588690,384135136,25 nmole DNA Plate Oligo,Standard Desalting,subramanian2018-128,,0.025,20,TAA GGA TTC ATC AGG TGC GC,6157.0,5.112474438,31.47773517,195600,50,55.08811184, Standard Desalting ,5.0,25.8nmoles,,,,3/31/2025 12:10:10 PM,H09,
,,,,,21249779,511588691,384135137,25 nmole DNA Plate Oligo,Standard Desalting,subramanian2018-129,,0.025,20,TAA GGG ACG ATG CTT AAC CC,6126.0,5.112474438,31.31919223,195600,50,54.28839049, Standard Desalting ,4.9,24.8nmoles,,,,3/31/2025 12:10:10 PM,H10,
,,,,,21249779,511588692,384135138,25 nmole DNA Plate Oligo,Standard Desalting,subramanian2018-130,,0.025,20,TAC CAC GAA ATG CAC AGG AG,6144.1,4.88997555,30.04430318,204500,50,54.94168518, Standard Desalting ,4.5,22nmoles,,,,3/31/2025 12:10:10 PM,H11,
,,,,,21249779,511588693,384135139,25 nmole DNA Plate Oligo,Standard Desalting,subramanian2018-131,,0.025,20,TAC TGA TAA TTC GGA CGC CC,6077.0,5.279831045,32.08551742,189400,50,54.27860945, Standard Desalting ,4.4,23.2nmoles,,,,3/31/2025 12:10:10 PM,H12,
