id,inchikey,pubchem_name,pubchem_id,smiles,scaffold,mwt,clogp,tpsa,normalized_inhibition,SMILES,mic_method,full_strain_name
SCB-10300503,CURVSIRRHYEYDT-JOCHJYFZSA-N,,,COc1ccc(N(C(=O)CCl)[C@@H](C(=O)NCCc2ccccc2)c2ccc(Cl)s2)cc1Cl,O=C(NCCc1ccccc1)[C@H](Nc1ccccc1)c1cccs1,510.033846572,5.7355000000000045,58.64,0.626485951,COc1ccc(N(C(=O)CCl)[C@@H](C(=O)NCCc2ccccc2)c2ccc(Cl)s2)cc1Cl,Broth microdilution,Staphylococcus aureus USA300
SCB-10311401,DKIVYPZVYUOSIP-KJMNMTOCSA-N,"1-[[(3r,9r,10r)-12-[(2r)-1-hydroxypropan-2-yl]-3,10-dimethyl-16-[(1-methylimidazol-4-yl)sulfonylamino]-13-oxo-2,8-dioxa-12-azabicyclo[12.4.0]octadeca-1(14),15,17-trien-9-yl]methyl]-1-methyl-3-[4-(trifluoromethyl)phenyl]urea",54615457.0,C[C@@H]1CCCCO[C@@H](CN(C)C(=O)Nc2ccc(C(F)(F)F)cc2)[C@H](C)CN([C@H](C)CO)C(=O)c2cc(NS(=O)(=O)c3cn(C)cn3)ccc2O1,O=C(NC[C@H]1CCNC(=O)c2cc(NS(=O)(=O)c3c[nH]cn3)ccc2OCCCCCO1)Nc1ccccc1,738.3022534400001,5.199100000000005,155.33000000000004,-0.0888659769999999,C[C@@H]1CCCCO[C@@H](CN(C)C(=O)Nc2ccc(C(F)(F)F)cc2)[C@H](C)CN([C@H](C)CO)C(=O)c2cc(NS(=O)(=O)c3cn(C)cn3)ccc2O1,Broth microdilution,Staphylococcus aureus USA300
SCB-10402248,VLRBDDYJQHBRCQ-QXFFIUSXSA-N,"1-(4-fluorophenyl)-3-[(3r,9s,10s)-12-[(2r)-1-hydroxypropan-2-yl]-3,10-dimethyl-9-[[methyl(thiophen-2-ylsulfonyl)amino]methyl]-13-oxo-2,8-dioxa-12-azabicyclo[12.4.0]octadeca-1(14),15,17-trien-16-yl]urea",44504276.0,C[C@@H]1CCCCO[C@H](CN(C)S(=O)(=O)c2cccs2)[C@@H](C)CN([C@H](C)CO)C(=O)c2cc(NC(=O)Nc3ccc(F)cc3)ccc2O1,O=C(Nc1ccccc1)Nc1ccc2c(c1)C(=O)NCC[C@@H](CNS(=O)(=O)c1cccs1)OCCCCCO2,690.2557199359999,5.647400000000006,137.51000000000002,0.0977220909999999,C[C@@H]1CCCCO[C@H](CN(C)S(=O)(=O)c2cccs2)[C@@H](C)CN([C@H](C)CO)C(=O)c2cc(NC(=O)Nc3ccc(F)cc3)ccc2O1,Broth microdilution,Staphylococcus aureus USA300
SCB-10445580,UHYLZCFMZDIRGN-URCRQUEMSA-N,"1-[(2s,3s)-5-[(2s)-1-hydroxypropan-2-yl]-3-methyl-2-[[methyl-[[4-(trifluoromethyl)phenyl]methyl]amino]methyl]-6-oxo-3,4-dihydro-2h-1,5-benzoxazocin-8-yl]-3-[4-(trifluoromethyl)phenyl]urea",44486528.0,C[C@H]1CN([C@@H](C)CO)C(=O)c2cc(NC(=O)Nc3ccc(C(F)(F)F)cc3)ccc2O[C@@H]1CN(C)Cc1ccc(C(F)(F)F)cc1,O=C(Nc1ccccc1)Nc1ccc2c(c1)C(=O)NCC[C@@H](CNCc1ccccc1)O2,652.248424888,6.720300000000005,94.14,0.0915484079999999,C[C@H]1CN([C@@H](C)CO)C(=O)c2cc(NC(=O)Nc3ccc(C(F)(F)F)cc3)ccc2O[C@@H]1CN(C)Cc1ccc(C(F)(F)F)cc1,Broth microdilution,Staphylococcus aureus USA300
SCB-10488939,HLZYJMHMFAQKCT-DFIYOIEZSA-N,"4-cyano-n-[[(2r,3s)-8-[3-(dimethylamino)prop-1-ynyl]-5-[(2r)-1-hydroxypropan-2-yl]-3-methyl-6-oxo-3,4-dihydro-2h-pyrido[2,3-b][1,5]oxazocin-2-yl]methyl]-n-methylbenzenesulfonamide",44506133.0,C[C@H](CO)N1C[C@H](C)[C@H](CN(C)S(=O)(=O)c2ccc(C#N)cc2)Oc2ncc(C#CCN(C)C)cc2C1=O,O=C1NCC[C@H](CNS(=O)(=O)c2ccccc2)Oc2ncccc21,539.220240156,1.4071800000000003,127.06999999999998,0.073649798,C[C@H](CO)N1C[C@H](C)[C@H](CN(C)S(=O)(=O)c2ccc(C#N)cc2)Oc2ncc(C#CCN(C)C)cc2C1=O,Broth microdilution,Staphylococcus aureus USA300
SCB-10535793,KTUXVKZBKBWGLR-QZRIQWDPSA-N,,,COc1ccc([C@@H]([C@H](Cc2ccccc2)OC(C)=O)N2C[C@@H](NC(=O)C(Cl)(Cl)Cl)[C@@H]3[C@H]([C@@H]2Cc2ccccc2)N(C)O[C@H]3c2ccccc2)cc1,c1ccc(CC[C@H](c2ccccc2)N2CC[C@@H]3[C@@H](NO[C@H]3c3ccccc3)[C@@H]2Cc2ccccc2)cc1,749.219004484,7.295700000000008,80.34,-0.0343092819999999,COc1ccc([C@@H]([C@H](Cc2ccccc2)OC(C)=O)N2C[C@@H](NC(=O)C(Cl)(Cl)Cl)[C@@H]3[C@H]([C@@H]2Cc2ccccc2)N(C)O[C@H]3c2ccccc2)cc1,Broth microdilution,Staphylococcus aureus USA300
SCB-10759739,SNAMBJYBGFVODZ-VKJFTORMSA-N,"n-[[(2r,3r)-8-bromo-5-[(2s)-1-hydroxypropan-2-yl]-3-methyl-6-oxo-3,4-dihydro-2h-pyrido[2,3-b][1,5]oxazocin-2-yl]methyl]-n-methyl-2-morpholin-4-ylacetamide",46903896.0,C[C@@H]1CN([C@@H](C)CO)C(=O)c2cc(Br)cnc2O[C@H]1CN(C)C(=O)CN1CCOCC1,O=C(CN1CCOCC1)NC[C@H]1CCNC(=O)c2cccnc2O1,498.147782192,0.8548000000000009,95.44,0.061673708,C[C@@H]1CN([C@@H](C)CO)C(=O)c2cc(Br)cnc2O[C@H]1CN(C)C(=O)CN1CCOCC1,Broth microdilution,Staphylococcus aureus USA300
SCB-10793175,OUJBPOBLHVPJKV-OWNVZFKLSA-N,"3-(3,5-dimethyl-1,2-oxazol-4-yl)-1-[[(3s,9r,10r)-12-[(2s)-1-hydroxypropan-2-yl]-3,10-dimethyl-16-[(4-methylphenyl)sulfonylamino]-13-oxo-2,8-dioxa-12-azabicyclo[12.4.0]octadeca-1(14),15,17-trien-9-yl]methyl]-1-methylurea",49843229.0,Cc1ccc(S(=O)(=O)Nc2ccc3c(c2)C(=O)N([C@@H](C)CO)C[C@@H](C)[C@H](CN(C)C(=O)Nc2c(C)noc2C)OCCCC[C@H](C)O3)cc1,O=C(NC[C@H]1CCNC(=O)c2cc(NS(=O)(=O)c3ccccc3)ccc2OCCCCCO1)Nc1cnoc1,699.330184528,5.360060000000005,163.53999999999996,0.0800576929999999,Cc1ccc(S(=O)(=O)Nc2ccc3c(c2)C(=O)N([C@@H](C)CO)C[C@@H](C)[C@H](CN(C)C(=O)Nc2c(C)noc2C)OCCCC[C@H](C)O3)cc1,Broth microdilution,Staphylococcus aureus USA300
SCB-10894018,MGXDQALVEHELJP-GVNDJSPXSA-N,"n-[(2s,3r)-2-[[(3,4-dichlorophenyl)methyl-methylamino]methyl]-5-[(2r)-1-hydroxypropan-2-yl]-3-methyl-6-oxo-3,4-dihydro-2h-1,5-benzoxazocin-8-yl]-4-methylbenzenesulfonamide",44493335.0,Cc1ccc(S(=O)(=O)Nc2ccc3c(c2)C(=O)N([C@H](C)CO)C[C@@H](C)[C@@H](CN(C)Cc2ccc(Cl)c(Cl)c2)O3)cc1,O=C1NCC[C@@H](CNCc2ccccc2)Oc2ccc(NS(=O)(=O)c3ccccc3)cc21,619.1674475799999,5.454720000000005,99.17999999999998,-0.275643544,Cc1ccc(S(=O)(=O)Nc2ccc3c(c2)C(=O)N([C@H](C)CO)C[C@@H](C)[C@@H](CN(C)Cc2ccc(Cl)c(Cl)c2)O3)cc1,Broth microdilution,Staphylococcus aureus USA300
SCB-10962854,QFRUZVNPYYYLAN-UHFFFAOYSA-N,"methyl 2-[13-(furan-3-yl)-5-hydroxy-6,6,8,12-tetramethyl-17-methylidene-15-oxo-2,14-dioxatetracyclo[7.7.1.01,12.03,8]heptadecan-7-yl]acetate",3685255.0,C=C1C2CCC3(C)C(c4ccoc4)OC(=O)CC13OC1CC(O)C(C)(C)C(CC(=O)OC)C12C,C=C1C2CCC3C(c4ccoc4)OC(=O)CC13OC1CCCCC12,472.2461034919999,4.354100000000003,95.2,-0.07485,C=C1C2CCC3(C)C(c4ccoc4)OC(=O)CC13OC1CC(O)C(C)(C)C(CC(=O)OC)C12C,Broth microdilution,Staphylococcus aureus USA300
SCB-10980146,KFJWWFDUKTYHIL-PQNGQFLHSA-N,,,CN(C)CC(=O)N1CC(=O)N2[C@H](CO)[C@H](c3ccc(C#Cc4cccnc4)cc3)[C@H]2C1,O=C1CNC[C@@H]2[C@@H](c3ccc(C#Cc4cccnc4)cc3)CN12,418.200490692,0.5405000000000013,76.98,0.0285210289999999,CN(C)CC(=O)N1CC(=O)N2[C@H](CO)[C@H](c3ccc(C#Cc4cccnc4)cc3)[C@H]2C1,Broth microdilution,Staphylococcus aureus USA300
SCB-11132648,SACXWSAQDFIOTK-ZIZQKJAQSA-N,"n-[(3s,9s,10r)-12-[(2s)-1-hydroxypropan-2-yl]-9-[[(4-methoxyphenyl)methyl-methylamino]methyl]-3,10-dimethyl-13-oxo-2,8-dioxa-12-azabicyclo[12.4.0]octadeca-1(14),15,17-trien-16-yl]pyridine-4-carboxamide",54615973.0,COc1ccc(CN(C)C[C@H]2OCCCC[C@H](C)Oc3ccc(NC(=O)c4ccncc4)cc3C(=O)N([C@@H](C)CO)C[C@H]2C)cc1,O=C(Nc1ccc2c(c1)C(=O)NCC[C@@H](CNCc1ccccc1)OCCCCCO2)c1ccncc1,632.3573852559999,5.270000000000006,113.46,-0.0796803999999999,COc1ccc(CN(C)C[C@H]2OCCCC[C@H](C)Oc3ccc(NC(=O)c4ccncc4)cc3C(=O)N([C@@H](C)CO)C[C@H]2C)cc1,Broth microdilution,Staphylococcus aureus USA300
SCB-11151134,KEJFTVNXBCIWBZ-YRNRMSPPSA-N,"4,4,4-trifluoro-n-[(2r,3s)-5-[(2r)-1-hydroxypropan-2-yl]-3-methyl-2-[[methyl(propan-2-ylcarbamoyl)amino]methyl]-6-oxo-3,4-dihydro-2h-1,5-benzoxazocin-8-yl]butanamide",44484148.0,CC(C)NC(=O)N(C)C[C@@H]1Oc2ccc(NC(=O)CCC(F)(F)F)cc2C(=O)N([C@H](C)CO)C[C@@H]1C,O=C1NCCCOc2ccccc21,516.25595488,3.2375000000000016,111.21,0.032939448,CC(C)NC(=O)N(C)C[C@@H]1Oc2ccc(NC(=O)CCC(F)(F)F)cc2C(=O)N([C@H](C)CO)C[C@@H]1C,Broth microdilution,Staphylococcus aureus USA300
SCB-11165847,SCAUOYDVVUBTHZ-PHLCOOFXSA-N,"1-(4-fluorophenyl)-3-[(2r,3r)-5-[(2r)-1-hydroxypropan-2-yl]-3-methyl-2-[[methyl-[(4-phenoxyphenyl)methyl]amino]methyl]-6-oxo-3,4-dihydro-2h-1,5-benzoxazocin-10-yl]urea",44495202.0,C[C@@H]1CN([C@H](C)CO)C(=O)c2cccc(NC(=O)Nc3ccc(F)cc3)c2O[C@H]1CN(C)Cc1ccc(Oc2ccccc2)cc1,O=C(Nc1ccccc1)Nc1cccc2c1O[C@@H](CNCc1ccc(Oc3ccccc3)cc1)CCNC2=O,626.290448568,6.614100000000007,103.37,-0.0763907909999999,C[C@@H]1CN([C@H](C)CO)C(=O)c2cccc(NC(=O)Nc3ccc(F)cc3)c2O[C@H]1CN(C)Cc1ccc(Oc2ccccc2)cc1,Broth microdilution,Staphylococcus aureus USA300
SCB-11257498,QTFAPORQFWHYLC-BPAFIMBUSA-N,"2-[(2r,4as,12ar)-8-[(2-chlorophenyl)sulfonylamino]-5-methyl-6-oxo-2,3,4,4a,12,12a-hexahydropyrano[2,3-c][1,5]benzoxazocin-2-yl]acetic acid methyl ester",54654444.0,COC(=O)C[C@H]1CC[C@H]2[C@H](COc3ccc(NS(=O)(=O)c4ccccc4Cl)cc3C(=O)N2C)O1,O=C1N[C@H]2CCCO[C@H]2COc2ccc(NS(=O)(=O)c3ccccc3)cc21,508.10709982,3.084500000000001,111.24,-0.0724240739999999,COC(=O)C[C@H]1CC[C@H]2[C@H](COc3ccc(NS(=O)(=O)c4ccccc4Cl)cc3C(=O)N2C)O1,Broth microdilution,Staphylococcus aureus USA300
SCB-11438656,XVYOOKZSJKWNFH-DDFCPOBKSA-N,"n-[(2s,3s)-5-[(2r)-1-hydroxypropan-2-yl]-3-methyl-2-[[methyl-[(4-phenoxyphenyl)methyl]amino]methyl]-6-oxo-3,4-dihydro-2h-1,5-benzoxazocin-8-yl]-2-(tetrazol-1-yl)acetamide",44202786.0,C[C@H](CO)N1C[C@H](C)[C@@H](CN(C)Cc2ccc(Oc3ccccc3)cc2)Oc2ccc(NC(=O)Cn3cnnn3)cc2C1=O,O=C(Cn1cnnn1)Nc1ccc2c(c1)C(=O)NCC[C@@H](CNCc1ccc(Oc3ccccc3)cc1)O2,599.285617284,3.4562000000000017,134.94,-0.1471774409999999,C[C@H](CO)N1C[C@H](C)[C@@H](CN(C)Cc2ccc(Oc3ccccc3)cc2)Oc2ccc(NC(=O)Cn3cnnn3)cc2C1=O,Broth microdilution,Staphylococcus aureus USA300
SCB-11797999,TVULDWINFMHBSA-FVJLSDCUSA-N,"n-[[(2r,3s)-5-[(2r)-1-hydroxypropan-2-yl]-3-methyl-6-oxo-8-(thiophen-2-ylsulfonylamino)-3,4-dihydro-2h-1,5-benzoxazocin-2-yl]methyl]-n,1-dimethylimidazole-4-sulfonamide",54614564.0,C[C@H](CO)N1C[C@H](C)[C@H](CN(C)S(=O)(=O)c2cn(C)cn2)Oc2ccc(NS(=O)(=O)c3cccs3)cc2C1=O,O=C1NCC[C@H](CNS(=O)(=O)c2c[nH]cn2)Oc2ccc(NS(=O)(=O)c3cccs3)cc21,597.138561332,1.8232,151.14,0.06703656,C[C@H](CO)N1C[C@H](C)[C@H](CN(C)S(=O)(=O)c2cn(C)cn2)Oc2ccc(NS(=O)(=O)c3cccs3)cc2C1=O,Broth microdilution,Staphylococcus aureus USA300
SCB-13347477,VRVGAAPGNIASDT-RNHFSVANSA-N,"(8r,9r)-6-[(2s)-1-hydroxypropan-2-yl]-8-methyl-9-[[methyl-[(4-methyl-2,3-dihydro-1,4-benzoxazin-7-yl)methyl]amino]methyl]-10-oxa-1,6,13,14-tetrazabicyclo[10.2.1]pentadeca-12(15),13-dien-5-one",44488168.0,C[C@@H]1CN([C@@H](C)CO)C(=O)CCCn2cc(nn2)CO[C@H]1CN(C)Cc1ccc2c(c1)OCCN2C,O=C1CCCn2cc(nn2)CO[C@@H](CNCc2ccc3c(c2)OCCN3)CCN1,500.31110376,1.7632000000000003,96.19,0.003680216,C[C@@H]1CN([C@@H](C)CO)C(=O)CCCn2cc(nn2)CO[C@H]1CN(C)Cc1ccc2c(c1)OCCN2C,Broth microdilution,Staphylococcus aureus USA300
SCB-14549897,GTUQXIUJJGJFLR-NBTLCYJSSA-N,"n-[(3r,9r,10s)-12-[(2s)-1-hydroxypropan-2-yl]-3,10-dimethyl-9-[[methyl-[[4-(trifluoromethyl)phenyl]methyl]amino]methyl]-13-oxo-2,8-dioxa-12-azabicyclo[12.4.0]octadeca-1(14),15,17-trien-16-yl]-1-methylimidazole-4-sulfonamide",54615829.0,C[C@@H]1CCCCO[C@@H](CN(C)Cc2ccc(C(F)(F)F)cc2)[C@@H](C)CN([C@@H](C)CO)C(=O)c2cc(NS(=O)(=O)c3cn(C)cn3)ccc2O1,O=C1NCC[C@H](CNCc2ccccc2)OCCCCCOc2ccc(NS(=O)(=O)c3c[nH]cn3)cc21,709.312089852,5.167200000000005,126.23,-0.0816789179999999,C[C@@H]1CCCCO[C@@H](CN(C)Cc2ccc(C(F)(F)F)cc2)[C@@H](C)CN([C@@H](C)CO)C(=O)c2cc(NS(=O)(=O)c3cn(C)cn3)ccc2O1,Broth microdilution,Staphylococcus aureus USA300
SCB-15379742,SBAPUWDMESMVAK-KHCICDEESA-N,"1-[[(2s,3r)-8-[3-(dimethylamino)prop-1-ynyl]-5-[(2r)-1-hydroxypropan-2-yl]-3-methyl-6-oxo-3,4-dihydro-2h-pyrido[2,3-b][1,5]oxazocin-2-yl]methyl]-3-(3-fluorophenyl)-1-methylurea",54626507.0,C[C@@H]1CN([C@H](C)CO)C(=O)c2cc(C#CCN(C)C)cnc2O[C@@H]1CN(C)C(=O)Nc1cccc(F)c1,O=C(NC[C@@H]1CCNC(=O)c2cccnc2O1)Nc1ccccc1,511.259482788,2.5178000000000003,98.24,-0.042024244,C[C@@H]1CN([C@H](C)CO)C(=O)c2cc(C#CCN(C)C)cnc2O[C@@H]1CN(C)C(=O)Nc1cccc(F)c1,Broth microdilution,Staphylococcus aureus USA300
SCB-17003419,OLXAFIGJOPTJGQ-LJKQEARRSA-N,"n-[[(4r,5s)-2-[(2r)-1-hydroxypropan-2-yl]-4-methyl-1,1-dioxo-8-pyridin-3-yl-4,5-dihydro-3h-6,1lambda6,2-benzoxathiazocin-5-yl]methyl]-n-methyl-1,3-benzodioxole-5-carboxamide",54625482.0,C[C@@H]1CN([C@H](C)CO)S(=O)(=O)c2ccc(-c3cccnc3)cc2O[C@@H]1CN(C)C(=O)c1ccc2c(c1)OCO2,O=C(NC[C@@H]1CCNS(=O)(=O)c2ccc(-c3cccnc3)cc2O1)c1ccc2c(c1)OCO2,553.1882713319999,3.0181000000000013,118.5,-0.0995123630000001,C[C@@H]1CN([C@H](C)CO)S(=O)(=O)c2ccc(-c3cccnc3)cc2O[C@@H]1CN(C)C(=O)c1ccc2c(c1)OCO2,Broth microdilution,Staphylococcus aureus USA300
SCB-17434512,UJDQBCQJOGKHTG-VKIDHGPPSA-N,"n-[(2r,3s)-2-[[cyclopropylmethyl(methyl)amino]methyl]-5-[(2r)-1-hydroxypropan-2-yl]-3-methyl-6-oxo-2,3,4,7-tetrahydro-1,5-benzoxazonin-9-yl]-4-methoxybenzenesulfonamide",44488635.0,COc1ccc(S(=O)(=O)Nc2ccc3c(c2)CC(=O)N([C@H](C)CO)C[C@H](C)[C@H](CN(C)CC2CC2)O3)cc1,O=C1Cc2cc(NS(=O)(=O)c3ccccc3)ccc2O[C@@H](CNCC2CC2)CCN1,545.255956968,2.986800000000002,108.41,0.1277855199999999,COc1ccc(S(=O)(=O)Nc2ccc3c(c2)CC(=O)N([C@H](C)CO)C[C@H](C)[C@H](CN(C)CC2CC2)O3)cc1,Broth microdilution,Staphylococcus aureus USA300
SCB-17549310,XSTATDAYTJGYSZ-MEYXWREJSA-N,"1-(3,5-dimethyl-1,2-oxazol-4-yl)-3-[(2s,3r)-5-[(2s)-1-hydroxypropan-2-yl]-3-methyl-2-[[methyl-[(4-phenoxyphenyl)methyl]amino]methyl]-6-oxo-3,4-dihydro-2h-1,5-benzoxazocin-8-yl]urea",44491231.0,Cc1noc(C)c1NC(=O)Nc1ccc2c(c1)C(=O)N([C@@H](C)CO)C[C@@H](C)[C@@H](CN(C)Cc1ccc(Oc3ccccc3)cc1)O2,O=C(Nc1cnoc1)Nc1ccc2c(c1)C(=O)NCC[C@@H](CNCc1ccc(Oc3ccccc3)cc1)O2,627.305684032,6.079840000000006,129.4,-0.020103098,Cc1noc(C)c1NC(=O)Nc1ccc2c(c1)C(=O)N([C@@H](C)CO)C[C@@H](C)[C@@H](CN(C)Cc1ccc(Oc3ccccc3)cc1)O2,Broth microdilution,Staphylococcus aureus USA300
SCB-20881398,MPUDHGXRWDPTEJ-NSHDSACASA-N,"1-[(6s)-6,7-dihydro-4h-triazolo[5,1-c][1,4]oxazin-6-yl]-n-(furan-2-ylmethyl)methanamine",97383631.0,c1coc(CNC[C@H]2Cn3nncc3CO2)c1,c1coc(CNC[C@H]2Cn3nncc3CO2)c1,234.111675688,0.5596999999999996,65.11,0.003526581,c1coc(CNC[C@H]2Cn3nncc3CO2)c1,Broth microdilution,Staphylococcus aureus USA300
SCB-21764498,BYWNQMINTGNSGE-YDHSSHFGSA-N,"n-[(2r,3s)-5-[(2s)-1-hydroxypropan-2-yl]-3-methyl-2-[[methyl(methylsulfonyl)amino]methyl]-6-oxo-2,3,4,7-tetrahydro-1,5-benzoxazonin-9-yl]-3-morpholin-4-ylpropanamide",44504641.0,C[C@H]1CN([C@@H](C)CO)C(=O)Cc2cc(NC(=O)CCN3CCOCC3)ccc2O[C@H]1CN(C)S(C)(=O)=O,O=C1Cc2cc(NC(=O)CCN3CCOCC3)ccc2OCCCN1,540.26177062,0.3878000000000035,128.72,-0.043086825,C[C@H]1CN([C@@H](C)CO)C(=O)Cc2cc(NC(=O)CCN3CCOCC3)ccc2O[C@H]1CN(C)S(C)(=O)=O,Broth microdilution,Staphylococcus aureus USA300
SCB-22046565,GFBOARZMZBDAJD-OVMXQCPESA-N,"1-[(4r,7r,8s)-8-methoxy-4,7,10-trimethyl-11-oxo-5-[(4-pyridin-2-ylphenyl)methyl]-2-oxa-5,10-diazabicyclo[10.4.0]hexadeca-1(12),13,15-trien-15-yl]-3-propylurea",54636814.0,CCCNC(=O)Nc1ccc2c(c1)OC[C@@H](C)N(Cc1ccc(-c3ccccn3)cc1)C[C@@H](C)[C@H](OC)CN(C)C2=O,O=C1NCCCCN(Cc2ccc(-c3ccccn3)cc2)CCOc2ccccc21,573.3315048559999,5.286300000000005,96.03,-0.028216475,CCCNC(=O)Nc1ccc2c(c1)OC[C@@H](C)N(Cc1ccc(-c3ccccn3)cc1)C[C@@H](C)[C@H](OC)CN(C)C2=O,Broth microdilution,Staphylococcus aureus USA300
SCB-22150286,BXCZFVMJUIMWQL-SGLNWRHMSA-N,"(2r,3r,3as,9bs)-n-cyclobutyl-3-(hydroxymethyl)-1-(oxan-4-ylmethyl)-6-oxo-3,3a,4,9b-tetrahydro-2h-pyrrolo[2,3-a]indolizine-2-carboxamide",54664702.0,O=C(NC1CCC1)[C@H]1[C@H](CO)[C@H]2Cn3c(cccc3=O)[C@H]2N1CC1CCOCC1,O=C(NC1CCC1)[C@H]1C[C@H]2Cn3c(cccc3=O)[C@H]2N1CC1CCOCC1,401.2314564720001,0.9072,83.80000000000001,-0.054982233,O=C(NC1CCC1)[C@H]1[C@H](CO)[C@H]2Cn3c(cccc3=O)[C@H]2N1CC1CCOCC1,Broth microdilution,Staphylococcus aureus USA300
SCB-22492041,CUSQONBGSJHOTJ-PCVQZTMDSA-N,"3-(1,3-benzodioxol-5-yl)-1-[[(3r,9r,10r)-16-[(3,5-dimethyl-1,2-oxazol-4-yl)carbamoylamino]-12-[(2s)-1-hydroxypropan-2-yl]-3,10-dimethyl-13-oxo-2,8-dioxa-12-azabicyclo[12.4.0]octadeca-1(14),15,17-trien-9-yl]methyl]-1-methylurea",54615907.0,Cc1noc(C)c1NC(=O)Nc1ccc2c(c1)C(=O)N([C@@H](C)CO)C[C@@H](C)[C@H](CN(C)C(=O)Nc1ccc3c(c1)OCO3)OCCCC[C@@H](C)O2,O=C(NC[C@H]1CCNC(=O)c2cc(NC(=O)Nc3cnoc3)ccc2OCCCCCO1)Nc1ccc2c(c1)OCO2,708.3482771159998,5.6235400000000055,176.95999999999998,-0.071552544,Cc1noc(C)c1NC(=O)Nc1ccc2c(c1)C(=O)N([C@@H](C)CO)C[C@@H](C)[C@H](CN(C)C(=O)Nc1ccc3c(c1)OCO3)OCCCC[C@@H](C)O2,Broth microdilution,Staphylococcus aureus USA300
SCB-23220715,NEJFTABTHXHYFG-KHCICDEESA-N,"n-[[(2s,3r)-8-(benzenesulfonamido)-5-[(2r)-1-hydroxypropan-2-yl]-3-methyl-6-oxo-3,4-dihydro-2h-1,5-benzoxazocin-2-yl]methyl]-n-methylthiophene-2-sulfonamide",44492802.0,C[C@@H]1CN([C@H](C)CO)C(=O)c2cc(NS(=O)(=O)c3ccccc3)ccc2O[C@@H]1CN(C)S(=O)(=O)c1cccs1,O=C1NCC[C@@H](CNS(=O)(=O)c2cccs2)Oc2ccc(NS(=O)(=O)c3ccccc3)cc21,593.1324133319999,3.089700000000001,133.32,-0.2820341070000001,C[C@@H]1CN([C@H](C)CO)C(=O)c2cc(NS(=O)(=O)c3ccccc3)ccc2O[C@@H]1CN(C)S(=O)(=O)c1cccs1,Broth microdilution,Staphylococcus aureus USA300
SCB-23302542,GAPFINWZKMCSBG-UHFFFAOYSA-N,2-(diaminomethylideneazaniumyl)ethanethiolate,133678641.0,N=C(N)NCCS,,119.051718288,-0.60073,61.900000000000006,0.202548138,N=C(N)NCCS,Broth microdilution,Staphylococcus aureus USA300
SCB-24755315,MWBWWFOAEOYUST-UHFFFAOYSA-N,2-aminopurine,9955.0,Nc1ncc2[nH]cnc2n1,c1ncc2[nH]cnc2n1,135.05449516,-0.0649000000000001,80.48,-0.0607842970000001,Nc1ncc2[nH]cnc2n1,Broth microdilution,Staphylococcus aureus USA300
SCB-27068044,MIOBFWIJYZOKSQ-RLCGNTSFSA-N,"n-[[(2r,3r)-5-[(2r)-1-hydroxypropan-2-yl]-8-[2-(2-methoxyphenyl)ethynyl]-3-methyl-6-oxo-3,4-dihydro-2h-pyrido[2,3-b][1,5]oxazocin-2-yl]methyl]-n-methyl-1,3-benzodioxole-5-carboxamide",54618691.0,COc1ccccc1C#Cc1cnc2c(c1)C(=O)N([C@H](C)CO)C[C@@H](C)[C@H](CN(C)C(=O)c1ccc3c(c1)OCO3)O2,O=C(NC[C@H]1CCNC(=O)c2cc(C#Cc3ccccc3)cnc2O1)c1ccc2c(c1)OCO2,571.2318503959999,3.2110000000000025,110.66,-0.1693758789999999,COc1ccccc1C#Cc1cnc2c(c1)C(=O)N([C@H](C)CO)C[C@@H](C)[C@H](CN(C)C(=O)c1ccc3c(c1)OCO3)O2,Broth microdilution,Staphylococcus aureus USA300
SCB-30515659,DRZFDGBYLWYHMU-UHFFFAOYSA-N,1-((thiophen-2-yl)methyl)-1h-pyrrole,2804470.0,c1csc(Cn2cccc2)c1,c1csc(Cn2cccc2)c1,163.045570288,2.5979,4.93,-0.1598829779999999,c1csc(Cn2cccc2)c1,Broth microdilution,Staphylococcus aureus USA300
SCB-30591396,PJZMHUZBKKCYEV-RXYILKCJSA-N,"4-(dimethylamino)-n-[(2s,3s)-5-[(2s)-1-hydroxypropan-2-yl]-2-[[(4-methoxyphenyl)sulfonyl-methylamino]methyl]-3-methyl-6-oxo-2,3,4,7-tetrahydro-1,5-benzoxazonin-9-yl]butanamide",44488147.0,COc1ccc(S(=O)(=O)N(C)C[C@H]2Oc3ccc(NC(=O)CCCN(C)C)cc3CC(=O)N([C@@H](C)CO)C[C@@H]2C)cc1,O=C1Cc2ccccc2O[C@H](CNS(=O)(=O)c2ccccc2)CCN1,604.2930707479999,2.4452000000000016,128.72,-0.224255568,COc1ccc(S(=O)(=O)N(C)C[C@H]2Oc3ccc(NC(=O)CCCN(C)C)cc3CC(=O)N([C@@H](C)CO)C[C@@H]2C)cc1,Broth microdilution,Staphylococcus aureus USA300
SCB-32480398,OCOAZZWZFVYNQI-OJQFFXEZSA-N,"n-[(3s,9r,10s)-9-[[(3,4-dichlorophenyl)methyl-methylamino]methyl]-12-[(2r)-1-hydroxypropan-2-yl]-3,10-dimethyl-13-oxo-2,8-dioxa-12-azabicyclo[12.4.0]octadeca-1(14),15,17-trien-16-yl]benzamide",54616881.0,C[C@H](CO)N1C[C@H](C)[C@H](CN(C)Cc2ccc(Cl)c(Cl)c2)OCCCC[C@H](C)Oc2ccc(NC(=O)c3ccccc3)cc2C1=O,O=C(Nc1ccc2c(c1)C(=O)NCC[C@H](CNCc1ccccc1)OCCCCCO2)c1ccccc1,669.2736269,7.1732000000000085,91.34,-0.265484295,C[C@H](CO)N1C[C@H](C)[C@H](CN(C)Cc2ccc(Cl)c(Cl)c2)OCCCC[C@H](C)Oc2ccc(NC(=O)c3ccccc3)cc2C1=O,Broth microdilution,Staphylococcus aureus USA300
SCB-34107523,NPOKHEBSKVPEPK-RZDWVWPCSA-N,"4,4,4-trifluoro-n-[(3r,9s,10s)-12-[(2r)-1-hydroxypropan-2-yl]-3,10-dimethyl-9-[[methyl-(4-methylphenyl)sulfonylamino]methyl]-13-oxo-2,8-dioxa-12-azabicyclo[12.4.0]octadeca-1(14),15,17-trien-16-yl]butanamide",44616822.0,Cc1ccc(S(=O)(=O)N(C)C[C@H]2OCCCC[C@@H](C)Oc3ccc(NC(=O)CCC(F)(F)F)cc3C(=O)N([C@H](C)CO)C[C@@H]2C)cc1,O=C1NCC[C@@H](CNS(=O)(=O)c2ccccc2)OCCCCCOc2ccccc21,685.300856472,5.392220000000006,125.48000000000002,-0.4908808099999999,Cc1ccc(S(=O)(=O)N(C)C[C@H]2OCCCC[C@@H](C)Oc3ccc(NC(=O)CCC(F)(F)F)cc3C(=O)N([C@H](C)CO)C[C@@H]2C)cc1,Broth microdilution,Staphylococcus aureus USA300
SCB-34313784,YJFCUJWOMZOTGQ-GPMSIDNRSA-N,"n-[[(4r,5s)-8-bromo-2-[(2r)-1-hydroxypropan-2-yl]-4-methyl-1,1-dioxo-4,5-dihydro-3h-6,1lambda6,2-benzoxathiazocin-5-yl]methyl]-n-methyl-2-morpholin-4-ylacetamide",46904199.0,C[C@@H]1CN([C@H](C)CO)S(=O)(=O)c2ccc(Br)cc2O[C@@H]1CN(C)C(=O)CN1CCOCC1,O=C(CN1CCOCC1)NC[C@@H]1CCNS(=O)(=O)c2ccccc2O1,533.119518844,1.0083000000000009,99.62,0.0289050889999999,C[C@@H]1CN([C@H](C)CO)S(=O)(=O)c2ccc(Br)cc2O[C@@H]1CN(C)C(=O)CN1CCOCC1,Broth microdilution,Staphylococcus aureus USA300
SCB-35604931,OJPORFUYLSQDMM-JTFXUDPOSA-N,"n-(2-aminophenyl)-4-[[[(3r,9r,10r)-12-[(2s)-1-hydroxypropan-2-yl]-16-[(4-methoxyphenyl)sulfonylamino]-3,10-dimethyl-13-oxo-2,8-dioxa-12-azabicyclo[12.4.0]octadeca-1(14),15,17-trien-9-yl]methyl-methylamino]methyl]benzamide",54615268.0,COc1ccc(S(=O)(=O)Nc2ccc3c(c2)C(=O)N([C@@H](C)CO)C[C@@H](C)[C@H](CN(C)Cc2ccc(C(=O)Nc4ccccc4N)cc2)OCCCC[C@@H](C)O3)cc1,O=C(Nc1ccccc1)c1ccc(CNC[C@H]2CCNC(=O)c3cc(NS(=O)(=O)c4ccccc4)ccc3OCCCCCO2)cc1,801.3771347200001,6.258000000000007,172.75999999999996,0.248331176,COc1ccc(S(=O)(=O)Nc2ccc3c(c2)C(=O)N([C@@H](C)CO)C[C@@H](C)[C@H](CN(C)Cc2ccc(C(=O)Nc4ccccc4N)cc2)OCCCC[C@@H](C)O3)cc1,Broth microdilution,Staphylococcus aureus USA300
SCB-36242777,YGSKPMJEACRFEQ-QQMNAOGKSA-N,"4,4,4-trifluoro-n-[(2r,3s)-5-[(2s)-1-hydroxypropan-2-yl]-3-methyl-2-[[methyl-[[4-(trifluoromethyl)phenyl]carbamoyl]amino]methyl]-6-oxo-3,4-dihydro-2h-1,5-benzoxazocin-8-yl]butanamide",44500446.0,C[C@H]1CN([C@@H](C)CO)C(=O)c2cc(NC(=O)CCC(F)(F)F)ccc2O[C@H]1CN(C)C(=O)Nc1ccc(C(F)(F)F)cc1,O=C(NC[C@H]1CCNC(=O)c2ccccc2O1)Nc1ccccc1,618.227689444,5.370400000000005,111.21,-0.1264479279999999,C[C@H]1CN([C@@H](C)CO)C(=O)c2cc(NC(=O)CCC(F)(F)F)ccc2O[C@H]1CN(C)C(=O)Nc1ccc(C(F)(F)F)cc1,Broth microdilution,Staphylococcus aureus USA300
SCB-36808031,URAPLHCKRADHID-BVFVYWQFSA-N,"n-[(2s,3r)-5-[(2s)-1-hydroxypropan-2-yl]-3-methyl-2-[[methyl-[[4-(trifluoromethyl)phenyl]methyl]amino]methyl]-6-oxo-3,4-dihydro-2h-1,5-benzoxazocin-10-yl]-1,3-benzothiazole-2-carboxamide",44495768.0,C[C@@H]1CN([C@@H](C)CO)C(=O)c2cccc(NC(=O)c3nc4ccccc4s3)c2O[C@@H]1CN(C)Cc1ccc(C(F)(F)F)cc1,O=C(Nc1cccc2c1O[C@H](CNCc1ccccc1)CCNC2=O)c1nc2ccccc2s1,626.217461196,5.9195000000000055,95.0,-0.2611349279999999,C[C@@H]1CN([C@@H](C)CO)C(=O)c2cccc(NC(=O)c3nc4ccccc4s3)c2O[C@@H]1CN(C)Cc1ccc(C(F)(F)F)cc1,Broth microdilution,Staphylococcus aureus USA300
SCB-39200147,IZQDSCIBEURBDE-HYHRRZRMSA-N,"n-[(3s,9s,10r)-9-[[cyclohexanecarbonyl(methyl)amino]methyl]-12-[(2s)-1-hydroxypropan-2-yl]-3,10-dimethyl-13-oxo-2,8-dioxa-12-azabicyclo[12.4.0]octadeca-1(14),15,17-trien-16-yl]benzamide",44619025.0,C[C@@H]1CN([C@@H](C)CO)C(=O)c2cc(NC(=O)c3ccccc3)ccc2O[C@@H](C)CCCCO[C@@H]1CN(C)C(=O)C1CCCCC1,O=C(Nc1ccc2c(c1)C(=O)NCC[C@@H](CNC(=O)C1CCCCC1)OCCCCCO2)c1ccccc1,621.3777863519999,5.773100000000008,108.41000000000004,-0.237754397,C[C@@H]1CN([C@@H](C)CO)C(=O)c2cc(NC(=O)c3ccccc3)ccc2O[C@@H](C)CCCCO[C@@H]1CN(C)C(=O)C1CCCCC1,Broth microdilution,Staphylococcus aureus USA300
SCB-39740149,PSLIAFXEJSBFAE-MZXMJASYSA-N,"4-(dimethylamino)-n-[(2r,3s)-5-[(2r)-1-hydroxypropan-2-yl]-3-methyl-2-[[methyl-[(4-phenoxyphenyl)methyl]amino]methyl]-6-oxo-2,3,4,7-tetrahydro-1,5-benzoxazonin-9-yl]butanamide",44502977.0,C[C@H](CO)N1C[C@H](C)[C@H](CN(C)Cc2ccc(Oc3ccccc3)cc2)Oc2ccc(NC(=O)CCCN(C)C)cc2CC1=O,O=C1Cc2ccccc2O[C@@H](CNCc2ccc(Oc3ccccc3)cc2)CCN1,616.3624706359999,5.040200000000005,94.58,0.026703742,C[C@H](CO)N1C[C@H](C)[C@H](CN(C)Cc2ccc(Oc3ccccc3)cc2)Oc2ccc(NC(=O)CCCN(C)C)cc2CC1=O,Broth microdilution,Staphylococcus aureus USA300
SCB-40522620,MUMMUGGPDFBDAE-MTCUJEMASA-N,"n-[(3r,9s,10r)-9-[[(3,5-dimethyl-1,2-oxazol-4-yl)carbamoyl-methylamino]methyl]-12-[(2r)-1-hydroxypropan-2-yl]-3,10-dimethyl-13-oxo-2,8-dioxa-12-azabicyclo[12.4.0]octadeca-1(14),15,17-trien-16-yl]-2-phenylacetamide",44498611.0,Cc1noc(C)c1NC(=O)N(C)C[C@H]1OCCCC[C@@H](C)Oc2ccc(NC(=O)Cc3ccccc3)cc2C(=O)N([C@H](C)CO)C[C@H]1C,O=C(Cc1ccccc1)Nc1ccc2c(c1)C(=O)NCC[C@@H](CNC(=O)Nc1cnoc1)OCCCCCO2,663.3631989080001,5.432040000000005,146.46999999999997,0.0113633789999999,Cc1noc(C)c1NC(=O)N(C)C[C@H]1OCCCC[C@@H](C)Oc2ccc(NC(=O)Cc3ccccc3)cc2C(=O)N([C@H](C)CO)C[C@H]1C,Broth microdilution,Staphylococcus aureus USA300
SCB-41011461,SDGYLMDZYUPOHC-XNSHOJTPSA-N,"1-[[(2r,3s)-5-[(2r)-1-hydroxypropan-2-yl]-3-methyl-9-(naphthalen-1-ylcarbamoylamino)-6-oxo-2,3,4,7-tetrahydro-1,5-benzoxazonin-2-yl]methyl]-1-methyl-3-phenylurea",44504360.0,C[C@H](CO)N1C[C@H](C)[C@H](CN(C)C(=O)Nc2ccccc2)Oc2ccc(NC(=O)Nc3cccc4ccccc34)cc2CC1=O,O=C1Cc2cc(NC(=O)Nc3cccc4ccccc34)ccc2O[C@@H](CNC(=O)Nc2ccccc2)CCN1,609.2951193480001,5.796700000000005,123.24,-0.0251697619999999,C[C@H](CO)N1C[C@H](C)[C@H](CN(C)C(=O)Nc2ccccc2)Oc2ccc(NC(=O)Nc3cccc4ccccc34)cc2CC1=O,Broth microdilution,Staphylococcus aureus USA300
SCB-41529327,FMEBQXGUKZXDCB-DNQXCXABSA-N,1-o-[2-[[(2r)-2-[2-[benzyl(2-hydroxyethyl)amino]-2-oxoethyl]pent-4-enoyl]amino]ethyl] 4-o-tert-butyl (2r)-2-prop-2-enylbutanedioate,44201825.0,C=CC[C@H](CC(=O)N(CCO)Cc1ccccc1)C(=O)NCCOC(=O)[C@H](CC=C)CC(=O)OC(C)(C)C,c1ccccc1,530.299201684,3.1734000000000018,122.24,0.0356193179999999,C=CC[C@H](CC(=O)N(CCO)Cc1ccccc1)C(=O)NCCOC(=O)[C@H](CC=C)CC(=O)OC(C)(C)C,Broth microdilution,Staphylococcus aureus USA300
SCB-43096510,ILKJAFIWWBXGDU-UHFFFAOYSA-N,penticort,2133.0,CC(=O)OCC(=O)C12OC3(CCCC3)OC1CC1C3CCC4=CC(=O)C=CC4(C)C3(F)C(O)CC12C,O=C1C=CC2C(=C1)CCC1C2CCC2C1CC1OC3(CCCC3)OC12,502.23668168,3.5238000000000023,99.13,-0.0700499999999999,CC(=O)OCC(=O)C12OC3(CCCC3)OC1CC1C3CCC4=CC(=O)C=CC4(C)C3(F)C(O)CC12C,Broth microdilution,Staphylococcus aureus USA300
SCB-43716616,NDCXGHFSBAYIPD-FYZNHFMZSA-N,"1-cyclohexyl-3-[(3s,9r,10r)-9-[[(4-fluorophenyl)sulfonyl-methylamino]methyl]-12-[(2s)-1-hydroxypropan-2-yl]-3,10-dimethyl-13-oxo-2,8-dioxa-12-azabicyclo[12.4.0]octadeca-1(14),15,17-trien-16-yl]urea",44497794.0,C[C@@H]1CN([C@@H](C)CO)C(=O)c2cc(NC(=O)NC3CCCCC3)ccc2O[C@@H](C)CCCCO[C@H]1CN(C)S(=O)(=O)c1ccc(F)cc1,O=C(Nc1ccc2c(c1)C(=O)NCC[C@H](CNS(=O)(=O)c1ccccc1)OCCCCCO2)NC1CCCCC1,690.3462491919998,5.396100000000005,137.51000000000002,0.061958507,C[C@@H]1CN([C@@H](C)CO)C(=O)c2cc(NC(=O)NC3CCCCC3)ccc2O[C@@H](C)CCCCO[C@H]1CN(C)S(=O)(=O)c1ccc(F)cc1,Broth microdilution,Staphylococcus aureus USA300
SCB-46242811,VDQQXEISLMTGAB-UHFFFAOYSA-N,chloramine-t,3641960.0,Cc1ccc(S(=O)(=O)[N-]Cl)cc1.[Na+],c1ccccc1,226.978371424,-0.78478,48.24,0.028135,Cc1ccc(S(=O)(=O)[N-]Cl)cc1.[Na+],Broth microdilution,Staphylococcus aureus USA300
SCB-46593948,NWWORXYTJRPSMC-QKPAOTATSA-N,emiglitate,72004.0,CCOC(=O)c1ccc(OCCN2C[C@H](O)[C@@H](O)[C@H](O)[C@H]2CO)cc1,c1ccc(OCCN2CCCCC2)cc1,355.16310214,-0.9986999999999996,119.69,0.0872168979999999,CCOC(=O)c1ccc(OCCN2C[C@H](O)[C@@H](O)[C@H](O)[C@H]2CO)cc1,Broth microdilution,Staphylococcus aureus USA300
SCB-48216467,HEADYOFXZPTIAZ-PXHXSQDOSA-N,"1-[[(3r,9s,10s)-16-[(4-fluorophenyl)sulfonylamino]-12-[(2r)-1-hydroxypropan-2-yl]-3,10-dimethyl-13-oxo-2,8-dioxa-12-azabicyclo[12.4.0]octadeca-1(14),15,17-trien-9-yl]methyl]-1-methyl-3-[4-(trifluoromethyl)phenyl]urea",44502201.0,C[C@@H]1CCCCO[C@H](CN(C)C(=O)Nc2ccc(C(F)(F)F)cc2)[C@@H](C)CN([C@H](C)CO)C(=O)c2cc(NS(=O)(=O)c3ccc(F)cc3)ccc2O1,O=C(NC[C@@H]1CCNC(=O)c2cc(NS(=O)(=O)c3ccccc3)ccc2OCCCCCO1)Nc1ccccc1,752.2866836280001,6.604700000000008,137.51000000000002,0.176222149,C[C@@H]1CCCCO[C@H](CN(C)C(=O)Nc2ccc(C(F)(F)F)cc2)[C@@H](C)CN([C@H](C)CO)C(=O)c2cc(NS(=O)(=O)c3ccc(F)cc3)ccc2O1,Broth microdilution,Staphylococcus aureus USA300
SCB-49477120,AAENOGRDWGDRJO-GTNJKRJXSA-N,"1-[[(10r,11s)-13-[(2r)-1-hydroxypropan-2-yl]-11-methyl-14-oxo-9-oxa-13-azatricyclo[13.4.0.02,7]nonadeca-1(19),2,4,6,15,17-hexaen-10-yl]methyl]-1-methyl-3-[2-(trifluoromethyl)phenyl]urea",54637757.0,C[C@H](CO)N1C[C@H](C)[C@H](CN(C)C(=O)Nc2ccccc2C(F)(F)F)OCc2ccccc2-c2ccccc2C1=O,O=C(NC[C@H]1CCNC(=O)c2ccccc2-c2ccccc2CO1)Nc1ccccc1,569.2501412280001,5.894200000000007,82.11,-0.160639752,C[C@H](CO)N1C[C@H](C)[C@H](CN(C)C(=O)Nc2ccccc2C(F)(F)F)OCc2ccccc2-c2ccccc2C1=O,Broth microdilution,Staphylococcus aureus USA300
SCB-49846492,QEXGJGRYUGYWJV-OREGWCPLSA-N,"n-[[(8s,9s)-6-[(2r)-1-hydroxypropan-2-yl]-8-methyl-5-oxo-10-oxa-1,6,14,15-tetrazabicyclo[10.3.0]pentadeca-12,14-dien-9-yl]methyl]-n-methyl-4-phenoxybenzenesulfonamide",44505157.0,C[C@H](CO)N1C[C@H](C)[C@@H](CN(C)S(=O)(=O)c2ccc(Oc3ccccc3)cc2)OCc2cnnn2CCCC1=O,O=C1CCCn2nncc2CO[C@H](CNS(=O)(=O)c2ccc(Oc3ccccc3)cc2)CCN1,571.246454904,2.9156000000000004,127.09,0.0034069869999999,C[C@H](CO)N1C[C@H](C)[C@@H](CN(C)S(=O)(=O)c2ccc(Oc3ccccc3)cc2)OCc2cnnn2CCCC1=O,Broth microdilution,Staphylococcus aureus USA300
SCB-53456855,PHFMOQBPIOSABU-GGUMNFRJSA-N,"n-[(2r,3r)-5-[(2r)-1-hydroxypropan-2-yl]-2-[[(4-methoxyphenyl)sulfonyl-methylamino]methyl]-3-methyl-6-oxo-3,4-dihydro-2h-1,5-benzoxazocin-8-yl]-2-(tetrazol-1-yl)acetamide",44487070.0,COc1ccc(S(=O)(=O)N(C)C[C@@H]2Oc3ccc(NC(=O)Cn4cnnn4)cc3C(=O)N([C@H](C)CO)C[C@H]2C)cc1,O=C(Cn1cnnn1)Nc1ccc2c(c1)C(=O)NCC[C@H](CNS(=O)(=O)c1ccccc1)O2,587.2162173959999,0.8612000000000007,169.07999999999998,-0.1247229809999999,COc1ccc(S(=O)(=O)N(C)C[C@@H]2Oc3ccc(NC(=O)Cn4cnnn4)cc3C(=O)N([C@H](C)CO)C[C@H]2C)cc1,Broth microdilution,Staphylococcus aureus USA300
SCB-53713010,OFNMEGUDOANJDK-OSOCVKALSA-N,"n-[(2r,3s)-2-[[(3,4-dichlorophenyl)methyl-methylamino]methyl]-5-[(2s)-1-hydroxypropan-2-yl]-3-methyl-6-oxo-3,4-dihydro-2h-1,5-benzoxazocin-10-yl]cyclohexanecarboxamide",44496686.0,C[C@H]1CN([C@@H](C)CO)C(=O)c2cccc(NC(=O)C3CCCCC3)c2O[C@H]1CN(C)Cc1ccc(Cl)c(Cl)c1,O=C1NCC[C@H](CNCc2ccccc2)Oc2c(NC(=O)C3CCCCC3)cccc21,575.231762088,5.864300000000005,82.10999999999999,-0.051134148,C[C@H]1CN([C@@H](C)CO)C(=O)c2cccc(NC(=O)C3CCCCC3)c2O[C@H]1CN(C)Cc1ccc(Cl)c(Cl)c1,Broth microdilution,Staphylococcus aureus USA300
SCB-53921757,GPKDICRTJULNLP-WGKZYHDKSA-N,"1-[(3r,9s,10s)-9-[[benzenesulfonyl(methyl)amino]methyl]-12-[(2r)-1-hydroxypropan-2-yl]-3,10-dimethyl-13-oxo-2,8-dioxa-12-azabicyclo[12.4.0]octadeca-1(14),15,17-trien-16-yl]-3-(1,3-benzodioxol-5-yl)urea",44504481.0,C[C@@H]1CCCCO[C@H](CN(C)S(=O)(=O)c2ccccc2)[C@@H](C)CN([C@H](C)CO)C(=O)c2cc(NC(=O)Nc3ccc4c(c3)OCO4)ccc2O1,O=C(Nc1ccc2c(c1)OCO2)Nc1ccc2c(c1)C(=O)NCC[C@@H](CNS(=O)(=O)c1ccccc1)OCCCCCO2,710.2985500520001,5.175500000000005,155.97,-0.005692631,C[C@@H]1CCCCO[C@H](CN(C)S(=O)(=O)c2ccccc2)[C@@H](C)CN([C@H](C)CO)C(=O)c2cc(NC(=O)Nc3ccc4c(c3)OCO4)ccc2O1,Broth microdilution,Staphylococcus aureus USA300
SCB-54903176,KARFHHZLAUZMIS-NPPFBWRTSA-N,"n-[[(4s,5s)-8-(cyclopenten-1-yl)-2-[(2s)-1-hydroxypropan-2-yl]-4-methyl-1,1-dioxo-4,5-dihydro-3h-6,1lambda6,2-benzoxathiazocin-5-yl]methyl]-n,1-dimethylimidazole-4-sulfonamide",54630702.0,C[C@H]1CN([C@@H](C)CO)S(=O)(=O)c2ccc(C3=CCCC3)cc2O[C@@H]1CN(C)S(=O)(=O)c1cn(C)cn1,O=S(=O)(NC[C@@H]1CCNS(=O)(=O)c2ccc(C3=CCCC3)cc2O1)c1c[nH]cn1,538.191976808,2.0767,122.04,-0.0470962669999999,C[C@H]1CN([C@@H](C)CO)S(=O)(=O)c2ccc(C3=CCCC3)cc2O[C@@H]1CN(C)S(=O)(=O)c1cn(C)cn1,Broth microdilution,Staphylococcus aureus USA300
SCB-56408063,QVCMHGGNRFRMAD-UHFFFAOYSA-N,"4,5-dihydroxy-3,4,5-trimethyl-4,5,8,10,12,13,13a,13b-octahydro-2h-[1,6]dioxacycloundecino[2,3,4-gh]pyrrolizine-2,6(3h)-dione",4246.0,CC1C(=O)OC2CCN3CC=C(COC(=O)C(C)(O)C1(C)O)C23,O=C1CCCC(=O)OC2CCN3CC=C(CO1)C23,325.152537456,-0.3925999999999994,96.3,-0.0592999999999999,CC1C(=O)OC2CCN3CC=C(COC(=O)C(C)(O)C1(C)O)C23,Broth microdilution,Staphylococcus aureus USA300
SCB-56742923,BEBWWVPCBIATQG-VUYBWUDLSA-N,"4-[[[(3r,9r,10r)-16-(benzenesulfonamido)-12-[(2s)-1-hydroxypropan-2-yl]-3,10-dimethyl-13-oxo-2,8-dioxa-12-azabicyclo[12.4.0]octadeca-1(14),15,17-trien-9-yl]methyl-methylamino]methyl]benzoic acid",54615135.0,C[C@@H]1CCCCO[C@@H](CN(C)Cc2ccc(C(=O)O)cc2)[C@H](C)CN([C@@H](C)CO)C(=O)c2cc(NS(=O)(=O)c3ccccc3)ccc2O1,O=C1NCC[C@H](CNCc2ccccc2)OCCCCCOc2ccc(NS(=O)(=O)c3ccccc3)cc21,681.308386464,5.113100000000005,145.71,0.019220542,C[C@@H]1CCCCO[C@@H](CN(C)Cc2ccc(C(=O)O)cc2)[C@H](C)CN([C@@H](C)CO)C(=O)c2cc(NS(=O)(=O)c3ccccc3)ccc2O1,Broth microdilution,Staphylococcus aureus USA300
SCB-57706287,GZMPNTQGQGZDGI-ANSQWYIGSA-N,"3-(1,3-benzodioxol-5-yl)-1-[[(2r,3s)-5-[(2r)-1-hydroxypropan-2-yl]-3-methyl-9-[(1-methylimidazol-4-yl)sulfonylamino]-6-oxo-2,3,4,7-tetrahydro-1,5-benzoxazonin-2-yl]methyl]-1-methylurea",44502824.0,C[C@H](CO)N1C[C@H](C)[C@H](CN(C)C(=O)Nc2ccc3c(c2)OCO3)Oc2ccc(NS(=O)(=O)c3cn(C)cn3)cc2CC1=O,O=C1Cc2cc(NS(=O)(=O)c3c[nH]cn3)ccc2O[C@@H](CNC(=O)Nc2ccc3c(c2)OCO3)CCN1,628.2315331119999,2.2625,164.56,0.1282505729999999,C[C@H](CO)N1C[C@H](C)[C@H](CN(C)C(=O)Nc2ccc3c(c2)OCO3)Oc2ccc(NS(=O)(=O)c3cn(C)cn3)cc2CC1=O,Broth microdilution,Staphylococcus aureus USA300
SCB-60275785,XVVUFHKVQZEEJZ-UHFFFAOYSA-N,2-methyl-4-(methylsulfanyl)quinazoline,11564608.0,CSc1nc(C)nc2ccccc12,c1ccc2ncncc2c1,190.05646932,2.660120000000001,25.78,-0.1245298560000001,CSc1nc(C)nc2ccccc12,Broth microdilution,Staphylococcus aureus USA300
SCB-60352755,LPOKCFFNFOPMKO-MTXNFPGFSA-N,"n-[[(4r,5s)-8-[(3s)-3-hydroxybut-1-ynyl]-2-[(2r)-1-hydroxypropan-2-yl]-4-methyl-1,1-dioxo-4,5-dihydro-3h-6,1lambda6,2-benzoxathiazocin-5-yl]methyl]-n-methylcyclohexanecarboxamide",54629032.0,C[C@H](O)C#Cc1ccc2c(c1)O[C@H](CN(C)C(=O)C1CCCCC1)[C@H](C)CN([C@H](C)CO)S2(=O)=O,O=C(NC[C@@H]1CCNS(=O)(=O)c2ccccc2O1)C1CCCCC1,506.2450579359999,2.226200000000001,107.38,-0.098843653,C[C@H](O)C#Cc1ccc2c(c1)O[C@H](CN(C)C(=O)C1CCCCC1)[C@H](C)CN([C@H](C)CO)S2(=O)=O,Broth microdilution,Staphylococcus aureus USA300
SCB-60819957,LREIFXJLTBRFII-IUVSGJEMSA-N,"3-(1,3-benzodioxol-5-yl)-1-[[(3s,9r,10r)-16-(cyclohexylcarbamoylamino)-12-[(2s)-1-hydroxypropan-2-yl]-3,10-dimethyl-13-oxo-2,8-dioxa-12-azabicyclo[12.4.0]octadeca-1(14),15,17-trien-9-yl]methyl]-1-methylurea",44618053.0,C[C@@H]1CN([C@@H](C)CO)C(=O)c2cc(NC(=O)NC3CCCCC3)ccc2O[C@@H](C)CCCCO[C@H]1CN(C)C(=O)Nc1ccc2c(c1)OCO2,O=C(NC[C@H]1CCNC(=O)c2cc(NC(=O)NC3CCCCC3)ccc2OCCCCCO1)Nc1ccc2c(c1)OCO2,695.3894136559999,5.828900000000005,150.93,0.134090948,C[C@@H]1CN([C@@H](C)CO)C(=O)c2cc(NC(=O)NC3CCCCC3)ccc2O[C@@H](C)CCCCO[C@H]1CN(C)C(=O)Nc1ccc2c(c1)OCO2,Broth microdilution,Staphylococcus aureus USA300
SCB-61235115,XNHZQQLIHVNGMI-PBDKAQRYSA-N,"1-[(2s,3r)-5-[(2s)-1-hydroxypropan-2-yl]-3-methyl-2-[[methyl(thiophen-2-ylsulfonyl)amino]methyl]-6-oxo-3,4-dihydro-2h-1,5-benzoxazocin-10-yl]-3-naphthalen-1-ylurea",134829945.0,C[C@@H]1CN([C@@H](C)CO)C(=O)c2cccc(NC(=O)Nc3cccc4ccccc34)c2O[C@@H]1CN(C)S(=O)(=O)c1cccs1,O=C(Nc1cccc2c1O[C@H](CNS(=O)(=O)c1cccs1)CCNC2=O)Nc1cccc2ccccc12,622.1919768080002,5.0861000000000045,128.28,-0.081596851,C[C@@H]1CN([C@@H](C)CO)C(=O)c2cccc(NC(=O)Nc3cccc4ccccc34)c2O[C@@H]1CN(C)S(=O)(=O)c1cccs1,Broth microdilution,Staphylococcus aureus USA300
SCB-62176923,ZFPBBSAAYICIOS-BSRJHKFKSA-N,"n-[(2r,3s)-2-[[(4-chlorophenyl)sulfonyl-methylamino]methyl]-5-[(2s)-1-hydroxypropan-2-yl]-3-methyl-6-oxo-3,4-dihydro-2h-1,5-benzoxazocin-10-yl]-1-methylimidazole-4-sulfonamide",44497588.0,C[C@H]1CN([C@@H](C)CO)C(=O)c2cccc(NS(=O)(=O)c3cn(C)cn3)c2O[C@H]1CN(C)S(=O)(=O)c1ccc(Cl)cc1,O=C1NCC[C@H](CNS(=O)(=O)c2ccccc2)Oc2c(NS(=O)(=O)c3c[nH]cn3)cccc21,625.1431680439999,2.4151000000000007,151.14,0.0836440349999999,C[C@H]1CN([C@@H](C)CO)C(=O)c2cccc(NS(=O)(=O)c3cn(C)cn3)c2O[C@H]1CN(C)S(=O)(=O)c1ccc(Cl)cc1,Broth microdilution,Staphylococcus aureus USA300
SCB-62498897,WVFRUYXRTWIHMU-NBTLCYJSSA-N,"1-[[(10r,11s)-13-[(2s)-1-hydroxypropan-2-yl]-11,16-dimethyl-14-oxo-9-oxa-13,16-diazatetracyclo[13.7.0.02,7.017,22]docosa-1(15),2,4,6,17,19,21-heptaen-10-yl]methyl]-1-methyl-3-[(1r)-1-phenylethyl]urea",54637969.0,C[C@@H](NC(=O)N(C)C[C@@H]1OCc2ccccc2-c2c(n(C)c3ccccc23)C(=O)N([C@@H](C)CO)C[C@@H]1C)c1ccccc1,O=C(NCc1ccccc1)NC[C@H]1CCNC(=O)c2[nH]c3ccccc3c2-c2ccccc2CO1,582.320605824,5.605800000000006,87.04,-0.2167509059999999,C[C@@H](NC(=O)N(C)C[C@@H]1OCc2ccccc2-c2c(n(C)c3ccccc23)C(=O)N([C@@H](C)CO)C[C@@H]1C)c1ccccc1,Broth microdilution,Staphylococcus aureus USA300
SCB-62824852,DWAQROZCZYCVAI-DOQJBMMISA-N,"3-(3,5-dimethyl-1,2-oxazol-4-yl)-1-[[(2s,3r)-10-[(3,5-dimethyl-1,2-oxazol-4-yl)sulfonylamino]-5-[(2r)-1-hydroxypropan-2-yl]-3-methyl-6-oxo-3,4-dihydro-2h-1,5-benzoxazocin-2-yl]methyl]-1-methylurea",44498013.0,Cc1noc(C)c1NC(=O)N(C)C[C@H]1Oc2c(NS(=O)(=O)c3c(C)noc3C)cccc2C(=O)N([C@H](C)CO)C[C@H]1C,O=C(NC[C@@H]1CCNC(=O)c2cccc(NS(=O)(=O)c3cnoc3)c2O1)Nc1cnoc1,604.231533112,3.081080000000001,180.34,0.1032786,Cc1noc(C)c1NC(=O)N(C)C[C@H]1Oc2c(NS(=O)(=O)c3c(C)noc3C)cccc2C(=O)N([C@H](C)CO)C[C@H]1C,Broth microdilution,Staphylococcus aureus USA300
SCB-64307646,GCBYCYVRDJZEMB-UMQWNRPGSA-N,"1-[[(2s,3r)-5-[(2r)-1-hydroxypropan-2-yl]-3-methyl-6-oxo-8-(thiophen-2-ylsulfonylamino)-3,4-dihydro-2h-1,5-benzoxazocin-2-yl]methyl]-1-methyl-3-naphthalen-1-ylurea",44492369.0,C[C@@H]1CN([C@H](C)CO)C(=O)c2cc(NS(=O)(=O)c3cccs3)ccc2O[C@@H]1CN(C)C(=O)Nc1cccc2ccccc12,O=C(NC[C@@H]1CCNC(=O)c2cc(NS(=O)(=O)c3cccs3)ccc2O1)Nc1cccc2ccccc12,622.191976808,5.0861000000000045,128.28,0.0621726129999999,C[C@@H]1CN([C@H](C)CO)C(=O)c2cc(NS(=O)(=O)c3cccs3)ccc2O[C@@H]1CN(C)C(=O)Nc1cccc2ccccc12,Broth microdilution,Staphylococcus aureus USA300
SCB-64335939,WZWREWUDABZWOP-UHFFFAOYSA-N,"4-(2-cyanoethyl)-n,n-diethylpiperazine-1-carboxamide",1712244.0,CCN(CC)C(=O)N1CCN(CCC#N)CC1,C1CNCCN1,238.179361324,0.97948,50.580000000000005,0.1024817359999999,CCN(CC)C(=O)N1CCN(CCC#N)CC1,Broth microdilution,Staphylococcus aureus USA300
SCB-64983336,OEBPANQZQGQPHF-UHFFFAOYSA-N,nifekalant,4486.0,Cn1c(NCCN(CCO)CCCc2ccc([N+](=O)[O-])cc2)cc(=O)n(C)c1=O,O=c1cc(NCCNCCCc2ccccc2)[nH]c(=O)[nH]1,405.201218964,0.3312000000000001,122.64,-0.152691662,Cn1c(NCCN(CCO)CCCc2ccc([N+](=O)[O-])cc2)cc(=O)n(C)c1=O,Broth microdilution,Staphylococcus aureus USA300
SCB-67654534,DTNITAAWUQGUSN-UTYYDOLNSA-N,"3-cyclohexyl-1-[[(3r,9s,10s)-12-[(2r)-1-hydroxypropan-2-yl]-3,10-dimethyl-16-(naphthalen-1-ylcarbamoylamino)-13-oxo-2,8-dioxa-12-azabicyclo[12.4.0]octadeca-1(14),15,17-trien-9-yl]methyl]-1-methylurea",44502922.0,C[C@@H]1CCCCO[C@H](CN(C)C(=O)NC2CCCCC2)[C@@H](C)CN([C@H](C)CO)C(=O)c2cc(NC(=O)Nc3cccc4ccccc34)ccc2O1,O=C(Nc1ccc2c(c1)C(=O)NCC[C@@H](CNC(=O)NC1CCCCC1)OCCCCCO2)Nc1cccc2ccccc12,701.4152344799999,7.253400000000008,132.47000000000003,-0.049161602,C[C@@H]1CCCCO[C@H](CN(C)C(=O)NC2CCCCC2)[C@@H](C)CN([C@H](C)CO)C(=O)c2cc(NC(=O)Nc3cccc4ccccc34)ccc2O1,Broth microdilution,Staphylococcus aureus USA300
SCB-69003909,XQZWFLNOSLFTQV-XMERXJNXSA-N,"4-(dimethylamino)-n-[(2s,3r)-2-[[(4-fluorophenyl)sulfonyl-methylamino]methyl]-5-[(2r)-1-hydroxypropan-2-yl]-3-methyl-6-oxo-3,4-dihydro-2h-1,5-benzoxazocin-8-yl]butanamide",44491817.0,C[C@@H]1CN([C@H](C)CO)C(=O)c2cc(NC(=O)CCCN(C)C)ccc2O[C@@H]1CN(C)S(=O)(=O)c1ccc(F)cc1,O=C1NCC[C@@H](CNS(=O)(=O)c2ccccc2)Oc2ccccc21,578.2574341879999,2.6468000000000007,119.49,0.049270577,C[C@@H]1CN([C@H](C)CO)C(=O)c2cc(NC(=O)CCCN(C)C)ccc2O[C@@H]1CN(C)S(=O)(=O)c1ccc(F)cc1,Broth microdilution,Staphylococcus aureus USA300
SCB-71557608,QYWLPXAUJWIZSG-DCLXLUIPSA-N,"n-[[(4s,5s)-2-[(2r)-1-hydroxypropan-2-yl]-4-methyl-1,1-dioxo-8-(2-phenylethynyl)-4,5-dihydro-3h-6,1lambda6,2-benzoxathiazocin-5-yl]methyl]-2-methoxy-n-methylacetamide",54623826.0,COCC(=O)N(C)C[C@H]1Oc2cc(C#Cc3ccccc3)ccc2S(=O)(=O)N([C@H](C)CO)C[C@@H]1C,O=S1(=O)NCCCOc2cc(C#Cc3ccccc3)ccc21,500.198107744,1.9598000000000004,96.38,-0.055134905,COCC(=O)N(C)C[C@H]1Oc2cc(C#Cc3ccccc3)ccc2S(=O)(=O)N([C@H](C)CO)C[C@@H]1C,Broth microdilution,Staphylococcus aureus USA300
SCB-74045358,SBCSAGYIHFXSSQ-SYZUXVNWSA-N,"n-[[(10r,11s)-13-[(2s)-1-hydroxypropan-2-yl]-11,16-dimethyl-14-oxo-9-oxa-13,16-diazatetracyclo[13.7.0.02,7.017,22]docosa-1(15),2,4,6,17,19,21-heptaen-10-yl]methyl]-n-methyl-4-(trifluoromethyl)benzenesulfonamide",60185765.0,C[C@H]1CN([C@@H](C)CO)C(=O)c2c(c3ccccc3n2C)-c2ccccc2CO[C@H]1CN(C)S(=O)(=O)c1ccc(C(F)(F)F)cc1,O=C1NCC[C@H](CNS(=O)(=O)c2ccccc2)OCc2ccccc2-c2c1[nH]c1ccccc21,643.232776912,5.542700000000006,92.08,-0.129803581,C[C@H]1CN([C@@H](C)CO)C(=O)c2c(c3ccccc3n2C)-c2ccccc2CO[C@H]1CN(C)S(=O)(=O)c1ccc(C(F)(F)F)cc1,Broth microdilution,Staphylococcus aureus USA300
SCB-74313427,RJURFGZVJUQBHK-IIXSONLDSA-N,dactinomycin,457193.0,Cc1c2oc3c(C)ccc(C(=O)N[C@@H]4C(=O)N[C@H](C(C)C)C(=O)N5CCC[C@H]5C(=O)N(C)CC(=O)N(C)[C@@H](C(C)C)C(=O)O[C@@H]4C)c3nc-2c(C(=O)N[C@@H]2C(=O)N[C@H](C(C)C)C(=O)N3CCC[C@H]3C(=O)N(C)CC(=O)N(C)[C@@H](C(C)C)C(=O)O[C@@H]2C)c(N)c1=O,O=C1CNC(=O)[C@@H]2CCCN2C(=O)CNC(=O)[C@@H](NC(=O)c2cc(=O)cc3oc4cccc(C(=O)N[C@H]5COC(=O)CNC(=O)CNC(=O)[C@@H]6CCCN6C(=O)CNC5=O)c4nc2-3)COC(=O)CN1,1254.6284746719998,0.7256400000000085,359.98,0.684174592,Cc1c2oc3c(C)ccc(C(=O)N[C@@H]4C(=O)N[C@H](C(C)C)C(=O)N5CCC[C@H]5C(=O)N(C)CC(=O)N(C)[C@@H](C(C)C)C(=O)O[C@@H]4C)c3nc-2c(C(=O)N[C@@H]2C(=O)N[C@H](C(C)C)C(=O)N3CCC[C@H]3C(=O)N(C)CC(=O)N(C)[C@@H](C(C)C)C(=O)O[C@@H]2C)c(N)c1=O,Broth microdilution,Staphylococcus aureus USA300
SCB-74454503,RQWZPZKMXFSKNS-YYULODDRSA-N,"1-(3,5-dimethyl-4-isoxazolyl)-3-[(2s,3s)-5-[(2r)-1-hydroxypropan-2-yl]-3-methyl-2-[[methyl-[[4-(trifluoromethyl)phenyl]methyl]amino]methyl]-6-oxo-3,4-dihydro-2h-1,5-benzoxazocin-10-yl]urea",44489645.0,Cc1noc(C)c1NC(=O)Nc1cccc2c1O[C@H](CN(C)Cc1ccc(C(F)(F)F)cc1)[C@@H](C)CN([C@H](C)CO)C2=O,O=C(Nc1cnoc1)Nc1cccc2c1O[C@H](CNCc1ccccc1)CCNC2=O,603.2668539120001,5.306340000000005,120.17,-0.1544092429999999,Cc1noc(C)c1NC(=O)Nc1cccc2c1O[C@H](CN(C)Cc1ccc(C(F)(F)F)cc1)[C@@H](C)CN([C@H](C)CO)C2=O,Broth microdilution,Staphylococcus aureus USA300
SCB-74708964,CBROZUUXCUMDHN-VDHCQVKSSA-N,,,CC(=O)O[C@@H]1[C@@H](OC(C)=O)[C@H](C)O[C@@H](O[C@H]2[C@H](OC/C=C(\C)CC/C=C(\C)CC/C=C(\C)CCC=C(C)C)O[C@H](CO[C@@H]3O[C@@H](C)[C@H](O)[C@@H](O)[C@H]3O)[C@@H](O)[C@@H]2O)[C@@H]1OC(C)=O,C1CC[C@H](OC[C@@H]2CC[C@@H](O[C@H]3CCCCO3)CO2)OC1,870.4613007800002,3.3646000000000043,235.43,-0.211609272,CC(=O)O[C@@H]1[C@@H](OC(C)=O)[C@H](C)O[C@@H](O[C@H]2[C@H](OC/C=C(\C)CC/C=C(\C)CC/C=C(\C)CCC=C(C)C)O[C@H](CO[C@@H]3O[C@@H](C)[C@H](O)[C@@H](O)[C@H]3O)[C@@H](O)[C@@H]2O)[C@@H]1OC(C)=O,Broth microdilution,Staphylococcus aureus USA300
SCB-75185592,ASDRMLMJHADUBN-SCYMSESXSA-N,"(3r,3'r,4's,6'r,8's,8'as)-5-[3-(carbamoylamino)prop-1-ynyl]-6'-[4-(2-hydroxyethoxy)phenyl]-1',2-dioxo-3',4'-diphenylspiro[1h-indole-3,7'-4,6,8,8a-tetrahydro-3h-pyrrolo[2,1-c][1,4]oxazine]-8'-carboxamide",6729397.0,NC(=O)NCC#Cc1ccc2c(c1)[C@]1(C(=O)N2)[C@H](C(N)=O)[C@H]2C(=O)O[C@H](c3ccccc3)[C@H](c3ccccc3)N2[C@@H]1c1ccc(OCCO)cc1,O=C1O[C@H](c2ccccc2)[C@H](c2ccccc2)N2[C@H]1C[C@]1(C(=O)Nc3ccccc31)[C@H]2c1ccccc1,685.2536484599999,2.8338,186.31,0.169259143,NC(=O)NCC#Cc1ccc2c(c1)[C@]1(C(=O)N2)[C@H](C(N)=O)[C@H]2C(=O)O[C@H](c3ccccc3)[C@H](c3ccccc3)N2[C@@H]1c1ccc(OCCO)cc1,Broth microdilution,Staphylococcus aureus USA300
SCB-75389474,CAYVERVTSCJBAC-INVAMZEASA-N,"n-[[(3r,9r,10s)-16-(benzenesulfonamido)-12-[(2s)-1-hydroxypropan-2-yl]-3,10-dimethyl-13-oxo-2,8-dioxa-12-azabicyclo[12.4.0]octadeca-1(14),15,17-trien-9-yl]methyl]-n,1-dimethylimidazole-4-sulfonamide",44616963.0,C[C@@H]1CCCCO[C@@H](CN(C)S(=O)(=O)c2cn(C)cn2)[C@@H](C)CN([C@@H](C)CO)C(=O)c2cc(NS(=O)(=O)c3ccccc3)ccc2O1,O=C1NCC[C@H](CNS(=O)(=O)c2c[nH]cn2)OCCCCCOc2ccc(NS(=O)(=O)c3ccccc3)cc21,691.2709554,3.337100000000002,160.37,-0.114489442,C[C@@H]1CCCCO[C@@H](CN(C)S(=O)(=O)c2cn(C)cn2)[C@@H](C)CN([C@@H](C)CO)C(=O)c2cc(NS(=O)(=O)c3ccccc3)ccc2O1,Broth microdilution,Staphylococcus aureus USA300
SCB-79461195,VWWQXMAJTJZDQX-UYBVJOGSSA-N,flavin adenine dinucleotide,643975.0,Cc1cc2nc3c(=O)[nH]c(=O)nc-3n(C[C@H](O)[C@H](O)[C@H](O)COP(=O)(O)OP(=O)(O)OC[C@H]3O[C@@H](n4cnc5c(N)ncnc54)[C@H](O)[C@@H]3O)c2cc1C,O=c1nc2n(CCCCCO[PH](=O)O[PH](=O)OC[C@@H]3CC[C@H](n4cnc5cncnc54)O3)c3ccccc3nc-2c(=O)[nH]1,785.1571346159997,-2.4239599999999992,362.9299999999999,0.0165893219999999,Cc1cc2nc3c(=O)[nH]c(=O)nc-3n(C[C@H](O)[C@H](O)[C@H](O)COP(=O)(O)OP(=O)(O)OC[C@H]3O[C@@H](n4cnc5c(N)ncnc54)[C@H](O)[C@@H]3O)c2cc1C,Broth microdilution,Staphylococcus aureus USA300
SCB-83315978,KMGHCLOSSHMOFS-ZDUSSCGKSA-N,"(3s)-n-(1,3-benzodioxol-5-ylmethyl)-1-[(6-methyl-2,4-dioxo-1h-pyrimidin-5-yl)sulfonyl]piperidine-3-carboxamide",92441303.0,Cc1[nH]c(=O)[nH]c(=O)c1S(=O)(=O)N1CCC[C@H](C(=O)NCc2ccc3c(c2)OCO3)C1,O=C(NCc1ccc2c(c1)OCO2)[C@H]1CCCN(S(=O)(=O)c2c[nH]c(=O)[nH]c2=O)C1,450.120920044,-0.1825799999999993,150.65999999999997,-0.016207225,Cc1[nH]c(=O)[nH]c(=O)c1S(=O)(=O)N1CCC[C@H](C(=O)NCc2ccc3c(c2)OCO3)C1,Broth microdilution,Staphylococcus aureus USA300
SCB-84315577,FIZSQJUFYUFNOD-DOKVQHETSA-N,"1-[(3r,9r,10s)-12-[(2r)-1-hydroxypropan-2-yl]-9-[[(4-methoxyphenyl)sulfonyl-methylamino]methyl]-3,10-dimethyl-13-oxo-2,8-dioxa-12-azabicyclo[12.4.0]octadeca-1(14),15,17-trien-16-yl]-3-phenylurea",44502759.0,COc1ccc(S(=O)(=O)N(C)C[C@@H]2OCCCC[C@@H](C)Oc3ccc(NC(=O)Nc4ccccc4)cc3C(=O)N([C@H](C)CO)C[C@@H]2C)cc1,O=C(Nc1ccccc1)Nc1ccc2c(c1)C(=O)NCC[C@H](CNS(=O)(=O)c1ccccc1)OCCCCCO2,696.3192854959999,5.455400000000005,146.74,0.233480542,COc1ccc(S(=O)(=O)N(C)C[C@@H]2OCCCC[C@@H](C)Oc3ccc(NC(=O)Nc4ccccc4)cc3C(=O)N([C@H](C)CO)C[C@@H]2C)cc1,Broth microdilution,Staphylococcus aureus USA300
SCB-85840241,IKHNOPCXKIAMPI-DVAKJLRASA-N,"n-[(3r,9s,10r)-12-[(2r)-1-hydroxypropan-2-yl]-3,10-dimethyl-9-[[methyl(propyl)amino]methyl]-13-oxo-2,8-dioxa-12-azabicyclo[12.4.0]octadeca-1(14),15,17-trien-16-yl]-1-methyl-4-imidazolesulfonamide",54614960.0,CCCN(C)C[C@H]1OCCCC[C@@H](C)Oc2ccc(NS(=O)(=O)c3cn(C)cn3)cc2C(=O)N([C@H](C)CO)C[C@H]1C,O=C1NCCCOCCCCCOc2ccc(NS(=O)(=O)c3c[nH]cn3)cc21,593.3247052239999,3.358200000000002,126.23,-0.0538620869999999,CCCN(C)C[C@H]1OCCCC[C@@H](C)Oc2ccc(NS(=O)(=O)c3cn(C)cn3)cc2C(=O)N([C@H](C)CO)C[C@H]1C,Broth microdilution,Staphylococcus aureus USA300
SCB-86318012,FMAAXSCNYRSPNB-WOVHNISZSA-N,"(2s)-2-[(4s,5r)-8-[3-(dimethylamino)prop-1-ynyl]-5-[[(2-fluorophenyl)methyl-methylamino]methyl]-4-methyl-1,1-dioxo-4,5-dihydro-3h-6,1lambda6,2-benzoxathiazocin-2-yl]propan-1-ol",54626146.0,C[C@H]1CN([C@@H](C)CO)S(=O)(=O)c2ccc(C#CCN(C)C)cc2O[C@H]1CN(C)Cc1ccccc1F,O=S1(=O)NCC[C@H](CNCc2ccccc2)Oc2ccccc21,517.241055852,2.639400000000001,73.32,-0.083324634,C[C@H]1CN([C@@H](C)CO)S(=O)(=O)c2ccc(C#CCN(C)C)cc2O[C@H]1CN(C)Cc1ccccc1F,Broth microdilution,Staphylococcus aureus USA300
SCB-87486743,ADAXDGSKYRGXEL-NOMHHCBYSA-N,"1-[[(4s,5s)-2-[(2s)-1-hydroxypropan-2-yl]-4-methyl-8-(2-methylphenyl)-1,1-dioxo-4,5-dihydro-3h-6,1lambda6,2-benzoxathiazocin-5-yl]methyl]-1-methyl-3-[4-(trifluoromethyl)phenyl]urea",54631005.0,Cc1ccccc1-c1ccc2c(c1)O[C@H](CN(C)C(=O)Nc1ccc(C(F)(F)F)cc1)[C@@H](C)CN([C@@H](C)CO)S2(=O)=O,O=C(NC[C@@H]1CCNS(=O)(=O)c2ccc(-c3ccccc3)cc2O1)Nc1ccccc1,605.2171268480001,5.613320000000005,99.18,-0.081827643,Cc1ccccc1-c1ccc2c(c1)O[C@H](CN(C)C(=O)Nc1ccc(C(F)(F)F)cc1)[C@@H](C)CN([C@@H](C)CO)S2(=O)=O,Broth microdilution,Staphylococcus aureus USA300
SCB-87590242,ZHUOOEGSSFNTNP-UHFFFAOYSA-N,"methyl 3,12-dihydroxycholan-24-oate",95608.0,COC(=O)CCC(C)C1CCC2C3CCC4CC(O)CCC4(C)C3CC(O)C12C,C1CCC2C(C1)CCC1C3CCCC3CCC21,406.30830982399993,4.566300000000005,66.76,0.3269849999999999,COC(=O)CCC(C)C1CCC2C3CCC4CC(O)CCC4(C)C3CC(O)C12C,Broth microdilution,Staphylococcus aureus USA300
SCB-87797421,MCLYKCAHKFGNAQ-MJQNYGCISA-N,"4-[[[(3s,9s,10r)-12-[(2s)-1-hydroxypropan-2-yl]-3,10-dimethyl-13-oxo-16-[[4-(trifluoromethyl)phenyl]carbamoylamino]-2,8-dioxa-12-azabicyclo[12.4.0]octadeca-1(14),15,17-trien-9-yl]methyl-methylamino]methyl]benzoic acid",44616850.0,C[C@@H]1CN([C@@H](C)CO)C(=O)c2cc(NC(=O)Nc3ccc(C(F)(F)F)cc3)ccc2O[C@@H](C)CCCCO[C@@H]1CN(C)Cc1ccc(C(=O)O)cc1,O=C(Nc1ccccc1)Nc1ccc2c(c1)C(=O)NCC[C@@H](CNCc1ccccc1)OCCCCCO2,728.3396845039999,6.975100000000008,140.67000000000002,-0.7573609349999999,C[C@@H]1CN([C@@H](C)CO)C(=O)c2cc(NC(=O)Nc3ccc(C(F)(F)F)cc3)ccc2O[C@@H](C)CCCCO[C@@H]1CN(C)Cc1ccc(C(=O)O)cc1,Broth microdilution,Staphylococcus aureus USA300
SCB-88182507,QLGZFZUBHHPYSN-XKCSPQBFSA-N,"2-[(2s,4ar,12as)-5-methyl-8-[(2-methylphenyl)sulfonylamino]-6-oxo-2,3,4,4a,12,12a-hexahydropyrano[2,3-c][1,5]benzoxazocin-2-yl]-n-propylacetamide",54655294.0,CCCNC(=O)C[C@@H]1CC[C@@H]2[C@@H](COc3ccc(NS(=O)(=O)c4ccccc4C)cc3C(=O)N2C)O1,O=C1N[C@@H]2CCCO[C@@H]2COc2ccc(NS(=O)(=O)c3ccccc3)cc21,515.2090067759999,3.09272,114.04,0.0234291709999999,CCCNC(=O)C[C@@H]1CC[C@@H]2[C@@H](COc3ccc(NS(=O)(=O)c4ccccc4C)cc3C(=O)N2C)O1,Broth microdilution,Staphylococcus aureus USA300
SCB-88327937,AIDNMMLWUKBAII-SELNLUPBSA-N,"n-[(2s,3r)-5-[(2s)-1-hydroxypropan-2-yl]-3-methyl-2-[[methyl(pyridin-4-ylmethyl)amino]methyl]-6-oxo-3,4-dihydro-2h-1,5-benzoxazocin-10-yl]thiophene-2-sulfonamide",44499383.0,C[C@@H]1CN([C@@H](C)CO)C(=O)c2cccc(NS(=O)(=O)c3cccs3)c2O[C@@H]1CN(C)Cc1ccncc1,O=C1NCC[C@@H](CNCc2ccncc2)Oc2c(NS(=O)(=O)c3cccs3)cccc21,544.1814121240001,3.296000000000002,112.07,-0.065105452,C[C@@H]1CN([C@@H](C)CO)C(=O)c2cccc(NS(=O)(=O)c3cccs3)c2O[C@@H]1CN(C)Cc1ccncc1,Broth microdilution,Staphylococcus aureus USA300
SCB-90589766,NGQWJSWNKYCNNZ-LJAQVGFWSA-N,,,O=P(/N=C1/CC(CCCO)=C[C@@H](C2CC2)N1Cc1cccc(OC(F)(F)F)c1)(Oc1ccccc1)Oc1ccccc1,O=P(/N=C1/CC=C[C@@H](C2CC2)N1Cc1ccccc1)(Oc1ccccc1)Oc1ccccc1,600.200093414,7.933000000000008,80.59,0.874893326,O=P(/N=C1/CC(CCCO)=C[C@@H](C2CC2)N1Cc1cccc(OC(F)(F)F)c1)(Oc1ccccc1)Oc1ccccc1,Broth microdilution,Staphylococcus aureus USA300
SCB-90625532,CDAYNQARGBNMSE-POAQFYNOSA-N,"2-[(2r,4ar,12ar)-8-(methanesulfonamido)-5-methyl-6-oxo-2,3,4,4a,12,12a-hexahydropyrano[2,3-c][1,5]benzoxazocin-2-yl]-n-[3-(dimethylamino)propyl]acetamide",54654061.0,CN(C)CCCNC(=O)C[C@H]1CC[C@@H]2[C@H](COc3ccc(NS(C)(=O)=O)cc3C(=O)N2C)O1,O=C1N[C@@H]2CCCO[C@H]2COc2ccccc21,482.2199058079999,0.8967000000000025,117.28000000000002,-0.0207640909999999,CN(C)CCCNC(=O)C[C@H]1CC[C@@H]2[C@H](COc3ccc(NS(C)(=O)=O)cc3C(=O)N2C)O1,Broth microdilution,Staphylococcus aureus USA300
SCB-90672563,PBMSWVPMRUJMPE-UHFFFAOYSA-N,phthalylsulfathiazole,4806.0,O=C(O)c1ccccc1C(=O)Nc1ccc(S(=O)(=O)Nc2nccs2)cc1,O=C(Nc1ccc(S(=O)(=O)Nc2nccs2)cc1)c1ccccc1,403.029662516,2.894400000000001,125.46,0.0937654199999999,O=C(O)c1ccccc1C(=O)Nc1ccc(S(=O)(=O)Nc2nccs2)cc1,Broth microdilution,Staphylococcus aureus USA300
SCB-93349273,UEBBFDAUYMCGAV-YXHPPAGXSA-N,"2-[(1r,3r,4ar,9as)-1-(hydroxymethyl)-6-[(2-pyridin-4-ylacetyl)amino]-3,4,4a,9a-tetrahydro-1h-pyrano[3,4-b][1]benzofuran-3-yl]-n-(1,3-benzodioxol-5-ylmethyl)acetamide",54646806.0,O=C(C[C@H]1C[C@@H]2c3cc(NC(=O)Cc4ccncc4)ccc3O[C@@H]2[C@@H](CO)O1)NCc1ccc2c(c1)OCO2,O=C(C[C@H]1C[C@@H]2c3cc(NC(=O)Cc4ccncc4)ccc3O[C@@H]2CO1)NCc1ccc2c(c1)OCO2,531.2005502679999,2.6924,128.24,0.2105935749999999,O=C(C[C@H]1C[C@@H]2c3cc(NC(=O)Cc4ccncc4)ccc3O[C@@H]2[C@@H](CO)O1)NCc1ccc2c(c1)OCO2,Broth microdilution,Staphylococcus aureus USA300
SCB-94599937,VZQKOZAJNGTVKC-OJAHFUOMSA-N,"2-[(2r,5s,6s)-6-(hydroxymethyl)-5-[[2-(4-morpholinyl)-1-oxoethyl]amino]-2-oxanyl]-n-[(1s)-1-phenylethyl]acetamide",54639698.0,C[C@H](NC(=O)C[C@H]1CC[C@H](NC(=O)CN2CCOCC2)[C@@H](CO)O1)c1ccccc1,O=C(C[C@H]1CC[C@H](NC(=O)CN2CCOCC2)CO1)NCc1ccccc1,419.242021156,0.6108000000000029,100.13,-0.0191155359999999,C[C@H](NC(=O)C[C@H]1CC[C@H](NC(=O)CN2CCOCC2)[C@@H](CO)O1)c1ccccc1,Broth microdilution,Staphylococcus aureus USA300
SCB-95610768,VOMUYBKWHUZOKW-ZQLNOWDWSA-N,"1-[[(2r,3s)-5-[(2r)-1-hydroxypropan-2-yl]-3-methyl-10-(naphthalen-1-ylcarbamoylamino)-6-oxo-3,4-dihydro-2h-1,5-benzoxazocin-2-yl]methyl]-1-methyl-3-[4-(trifluoromethyl)phenyl]urea",44495827.0,C[C@H](CO)N1C[C@H](C)[C@H](CN(C)C(=O)Nc2ccc(C(F)(F)F)cc2)Oc2c(NC(=O)Nc3cccc4ccccc34)cccc2C1=O,O=C(NC[C@H]1CCNC(=O)c2cccc(NC(=O)Nc3cccc4ccccc34)c2O1)Nc1ccccc1,663.2668539120001,6.886600000000007,123.24,0.389564755,C[C@H](CO)N1C[C@H](C)[C@H](CN(C)C(=O)Nc2ccc(C(F)(F)F)cc2)Oc2c(NC(=O)Nc3cccc4ccccc34)cccc2C1=O,Broth microdilution,Staphylococcus aureus USA300
SCB-95836617,DXJUBZMXEIHBEQ-CJHQFYJISA-N,"1-(1,3-benzodioxol-5-yl)-3-[(3s,9r,10r)-12-[(2s)-1-hydroxypropan-2-yl]-9-[[(4-methoxyphenyl)methyl-methylamino]methyl]-3,10-dimethyl-13-oxo-2,8-dioxa-12-azabicyclo[12.4.0]octadeca-1(14),15,17-trien-16-yl]urea",44618559.0,COc1ccc(CN(C)C[C@@H]2OCCCC[C@H](C)Oc3ccc(NC(=O)Nc4ccc5c(c4)OCO5)cc3C(=O)N([C@@H](C)CO)C[C@H]2C)cc1,O=C(Nc1ccc2c(c1)OCO2)Nc1ccc2c(c1)C(=O)NCC[C@H](CNCc1ccccc1)OCCCCCO2,690.36286456,5.995400000000007,131.06,0.008802321,COc1ccc(CN(C)C[C@@H]2OCCCC[C@H](C)Oc3ccc(NC(=O)Nc4ccc5c(c4)OCO5)cc3C(=O)N([C@@H](C)CO)C[C@H]2C)cc1,Broth microdilution,Staphylococcus aureus USA300
SCB-96024786,KYEITDZJNROELE-UITIVDIESA-N,"n-[[(3s,9r,10s)-12-[(2s)-1-hydroxypropan-2-yl]-3,10-dimethyl-13-oxo-16-(4,4,4-trifluorobutanoylamino)-2,8-dioxa-12-azabicyclo[12.4.0]octadeca-1(14),15,17-trien-9-yl]methyl]-n-methylcyclohexanecarboxamide",44617356.0,C[C@H]1CCCCO[C@@H](CN(C)C(=O)C2CCCCC2)[C@@H](C)CN([C@@H](C)CO)C(=O)c2cc(NC(=O)CCC(F)(F)F)ccc2O1,O=C1NCC[C@H](CNC(=O)C2CCCCC2)OCCCCCOc2ccccc21,641.36517098,5.801800000000007,108.41000000000004,-0.0666738849999999,C[C@H]1CCCCO[C@@H](CN(C)C(=O)C2CCCCC2)[C@@H](C)CN([C@@H](C)CO)C(=O)c2cc(NC(=O)CCC(F)(F)F)ccc2O1,Broth microdilution,Staphylococcus aureus USA300
SCB-96320656,ZQAIRSWGSLNDJM-HYFFOGBASA-N,"3-chloro-n-[(2s,3r)-4-[(4-chlorophenyl)sulfonyl-[(2s)-1-hydroxypropan-2-yl]amino]-2-methoxy-3-methylbutyl]-n-methylbenzenesulfonamide",54649319.0,CO[C@H](CN(C)S(=O)(=O)c1cccc(Cl)c1)[C@H](C)CN([C@@H](C)CO)S(=O)(=O)c1ccc(Cl)cc1,O=S(=O)(NCCCCNS(=O)(=O)c1ccccc1)c1ccccc1,552.0922340400001,3.336700000000002,104.22,0.072920336,CO[C@H](CN(C)S(=O)(=O)c1cccc(Cl)c1)[C@H](C)CN([C@@H](C)CO)S(=O)(=O)c1ccc(Cl)cc1,Broth microdilution,Staphylococcus aureus USA300
SCB-96539702,SUHQAMSFJCSMJM-UYPAYLBCSA-N,"1-(3,5-dimethyl-4-isoxazolyl)-3-[(2s,3r)-5-[(2r)-1-hydroxypropan-2-yl]-3-methyl-2-[[methyl-[[4-(trifluoromethyl)phenyl]methyl]amino]methyl]-6-oxo-3,4-dihydro-2h-1,5-benzoxazocin-8-yl]urea",54613914.0,Cc1noc(C)c1NC(=O)Nc1ccc2c(c1)C(=O)N([C@H](C)CO)C[C@@H](C)[C@@H](CN(C)Cc1ccc(C(F)(F)F)cc1)O2,O=C(Nc1cnoc1)Nc1ccc2c(c1)C(=O)NCC[C@@H](CNCc1ccccc1)O2,603.2668539120001,5.306340000000005,120.17,-0.3542997409999999,Cc1noc(C)c1NC(=O)Nc1ccc2c(c1)C(=O)N([C@H](C)CO)C[C@@H](C)[C@@H](CN(C)Cc1ccc(C(F)(F)F)cc1)O2,Broth microdilution,Staphylococcus aureus USA300
SCB-98577839,VFSNCENUEVUVPQ-IIVFFIDGSA-N,,,COc1ccc([Si](C)(C)[C@@H]2[C@@H](CCOC(=O)NCCCCCC(=O)NO)O[C@@]3(C(=O)N(Cc4ccccc4)c4ccc(NC(=O)[C@@H](C)OC(=O)NCCCCCC(=O)NO)cc43)[C@H]2C)cc1,O=C1N(Cc2ccccc2)c2ccccc2[C@@]12C[C@H]([SiH2]c1ccccc1)CO2,932.435148018,5.759100000000005,243.19,0.0427069049999999,COc1ccc([Si](C)(C)[C@@H]2[C@@H](CCOC(=O)NCCCCCC(=O)NO)O[C@@]3(C(=O)N(Cc4ccccc4)c4ccc(NC(=O)[C@@H](C)OC(=O)NCCCCCC(=O)NO)cc43)[C@H]2C)cc1,Broth microdilution,Staphylococcus aureus USA300
SCB-99085500,NPHYJLDMGDCBES-ICNSUHQASA-N,"(3r,3'r,4's,6'r,8's,8'as)-8'-(6,7-dimethoxy-3,4-dihydro-1h-isoquinoline-2-carbonyl)-5-[2-(1-hydroxycycloheptyl)ethynyl]-6'-[2-(2-hydroxyethoxy)phenyl]-3',4'-diphenylspiro[1h-indole-3,7'-4,6,8,8a-tetrahydro-3h-pyrrolo[2,1-c][1,4]oxazine]-1',2-dione",6729610.0,COc1cc2c(cc1OC)CN(C(=O)[C@@H]1[C@H]3C(=O)O[C@H](c4ccccc4)[C@H](c4ccccc4)N3[C@H](c3ccccc3OCCO)[C@@]13C(=O)Nc1ccc(C#CC4(O)CCCCCC4)cc13)CC2,O=C1O[C@H](c2ccccc2)[C@H](c2ccccc2)N2[C@H]1[C@@H](C(=O)N1CCc3ccccc3C1)[C@]1(C(=O)Nc3ccc(C#CC4CCCCCC4)cc31)[C@H]2c1ccccc1,901.39383034,7.36760000000001,147.1,-0.2346279710000001,COc1cc2c(cc1OC)CN(C(=O)[C@@H]1[C@H]3C(=O)O[C@H](c4ccccc4)[C@H](c4ccccc4)N3[C@H](c3ccccc3OCCO)[C@@]13C(=O)Nc1ccc(C#CC4(O)CCCCCC4)cc13)CC2,Broth microdilution,Staphylococcus aureus USA300
