id,smiles,inchikey,mwt,clogp,pubchem_name,pubchem_id,scaffold,tpsa,normalized_inhibition,SMILES,mic_method,full_strain_name,pmic
10022076,CC1CC(C)C(=O)C(C(O)CC2CC(=O)NC(=O)C2)C1,YPHMISFOHDHNIV-UHFFFAOYSA-N,281.162708216,1.0415,"4-(2-(3,5-dimethyl-2-oxocyclohexyl)-2-hydroxyethyl)-2,6-piperidinedione",2900.0,O=C1CC(CCC2CCCCC2=O)CC(=O)N1,83.47,0.793965,CC1CC(C)C(=O)C(C(O)CC2CC(=O)NC(=O)C2)C1,Broth microdilution,Escherichia coli K-12,
10033206,CC1CCc2c(N3CCC(O)CC3)c(F)cc3c(=O)c(C(=O)O)cn1c23,JYJTVFIEFKZWCJ-UHFFFAOYSA-N,360.148535372,2.3071,nadifloxacin,4410.0,O=c1ccn2c3c(c(N4CCCCC4)ccc13)CCC2,82.77000000000001,0.9516185,CC1CCc2c(N3CCC(O)CC3)c(F)cc3c(=O)c(C(=O)O)cn1c23,Broth microdilution,Escherichia coli K-12,
10172814,CC12CCC(=O)C=C1CCC1C2C(=O)CC2(C)C1CCC2(O)C(=O)CO,MFYSYFVPBJMHGN-UHFFFAOYSA-N,360.1936739959999,1.9898000000000002,cortisone-[2h7],521440.0,O=C1C=C2CCC3C4CCCC4CC(=O)C3C2CC1,91.67,-0.02705,CC12CCC(=O)C=C1CCC1C2C(=O)CC2(C)C1CCC2(O)C(=O)CO,Broth microdilution,Escherichia coli K-12,
10213451,Cc1ccc(-c2nc3ccc(C)cn3c2CC(=O)N(C)C)cc1,ZAFYATHCZYHLPB-UHFFFAOYSA-N,307.168462292,3.2488400000000013,zolpidem,5732.0,c1ccc(-c2cn3ccccc3n2)cc1,37.61000000000001,0.1643949999999999,Cc1ccc(-c2nc3ccc(C)cn3c2CC(=O)N(C)C)cc1,Broth microdilution,Escherichia coli K-12,
10236515,Cc1cc(=O)oc2cc(O)ccc12,HSHNITRMYYLLCV-UHFFFAOYSA-N,176.047344116,1.8070199999999998,4-methylumbelliferone,5280567.0,O=c1ccc2ccccc2o1,50.44,0.099755,Cc1cc(=O)oc2cc(O)ccc12,Broth microdilution,Escherichia coli K-12,
10290301,CCc1cc(C(N)=S)ccn1,AEOCXXJPGCBFJA-UHFFFAOYSA-N,166.05646932,1.2782,ethionamide,2761171.0,c1ccncc1,38.91,0.0200799999999999,CCc1cc(C(N)=S)ccn1,Broth microdilution,Escherichia coli K-12,
10328898,CC(C)COCC(CN(Cc1ccccc1)c1ccccc1)N1CCCC1.Cl,JXBBWYGMTNAYNM-UHFFFAOYSA-N,402.24379142000004,5.252000000000007,n-benzyl-n-[3-(2-methylpropoxy)-2-pyrrolidin-1-ylpropyl]aniline;hydron;chloride,44140621.0,c1ccc(CN(CCN2CCCC2)c2ccccc2)cc1,15.71,-0.0050499999999999,CC(C)COCC(CN(Cc1ccccc1)c1ccccc1)N1CCCC1.Cl,Broth microdilution,Escherichia coli K-12,
10464395,Cc1cn[nH]c1,RIKMMFOAQPJVMX-UHFFFAOYSA-N,82.053098192,0.7181199999999999,4-methylpyrazole,3406.0,c1cn[nH]c1,28.68,-0.03255,Cc1cn[nH]c1,Broth microdilution,Escherichia coli K-12,
10758343,CC=CC(=O)N(CC)c1ccccc1C,DNTGGZPQPQTDQF-UHFFFAOYSA-N,203.131014164,2.9240200000000014,crotamiton,2883.0,c1ccccc1,20.31,-0.050335,CC=CC(=O)N(CC)c1ccccc1C,Broth microdilution,Escherichia coli K-12,
10764059,O=C(NC(CO)C(O)c1ccc([N+](=O)[O-])cc1)C(Cl)Cl,WIIZWVCIJKGZOK-UHFFFAOYSA-N,322.01232684400003,0.9089999999999998,"2,2-dichloro-n-(1,3-dihydroxy-1-(4-nitrophenyl)propan-2-yl)acetamide",298.0,c1ccccc1,112.70000000000002,0.9571795,O=C(NC(CO)C(O)c1ccc([N+](=O)[O-])cc1)C(Cl)Cl,Broth microdilution,Escherichia coli K-12,
10859329,O=C(CNC(=O)c1ccc(Cl)cc1)NO,JFZGBMJPJZDNNT-UHFFFAOYSA-N,228.030169828,0.5751999999999999,benurestat,38000.0,c1ccccc1,78.43,0.02009,O=C(CNC(=O)c1ccc(Cl)cc1)NO,Broth microdilution,Escherichia coli K-12,
10914236,COc1c2ccoc2cc2oc(=O)ccc12,BGEBZHIAGXMEMV-UHFFFAOYSA-N,216.042258736,2.5478000000000005,bergapten,2355.0,O=c1ccc2cc3ccoc3cc2o1,52.580000000000005,-0.1147,COc1c2ccoc2cc2oc(=O)ccc12,Broth microdilution,Escherichia coli K-12,
10962854,C=C1C2CCC3(C)C(c4ccoc4)OC(=O)CC13OC1CC(O)C(C)(C)C(CC(=O)OC)C12C,QFRUZVNPYYYLAN-UHFFFAOYSA-N,472.2461034919999,4.354100000000003,"methyl 2-[13-(furan-3-yl)-5-hydroxy-6,6,8,12-tetramethyl-17-methylidene-15-oxo-2,14-dioxatetracyclo[7.7.1.01,12.03,8]heptadecan-7-yl]acetate",3685255.0,C=C1C2CCC3C(c4ccoc4)OC(=O)CC13OC1CCCCC12,95.2,-0.0272749999999999,C=C1C2CCC3(C)C(c4ccoc4)OC(=O)CC13OC1CC(O)C(C)(C)C(CC(=O)OC)C12C,Broth microdilution,Escherichia coli K-12,
10993587,CC=Cc1ccc(OC)cc1,RUVINXPYWBROJD-UHFFFAOYSA-N,148.088815004,2.728300000000001,1-methoxy-4-prop-1-enylbenzene,7703.0,c1ccccc1,9.23,-0.09355,CC=Cc1ccc(OC)cc1,Broth microdilution,Escherichia coli K-12,
11398298,O=C1c2ccccc2C(=O)c2c1ccc(O)c2O,RGCKGOZRHPZPFP-UHFFFAOYSA-N,240.042258736,1.8732000000000006,alizarin,6293.0,O=C1c2ccccc2C(=O)c2ccccc21,74.60000000000001,-0.1427,O=C1c2ccccc2C(=O)c2c1ccc(O)c2O,Broth microdilution,Escherichia coli K-12,
11572210,CN(C)c1cc(NC(=O)CNC(C)(C)C)c(O)c2c1CC1CC3C(N(C)C)C(O)=C(C(N)=O)C(=O)C3(O)C(O)=C1C2=O,FPZLLRFZJZRHSY-UHFFFAOYSA-N,585.2798632079999,0.5132000000000028,,,O=C1C2=CC3C(=O)C=CCC3CC2Cc2ccccc21,205.76,-0.05525,CN(C)c1cc(NC(=O)CNC(C)(C)C)c(O)c2c1CC1CC3C(N(C)C)C(O)=C(C(N)=O)C(=O)C3(O)C(O)=C1C2=O,Broth microdilution,Escherichia coli K-12,
12321117,C=CCc1cc(OC)c2c(c1OC)OCO2,QQRSPHJOOXUALR-UHFFFAOYSA-N,222.089208928,2.1609999999999996,apiole,10659.0,c1ccc2c(c1)OCO2,36.92,0.01026,C=CCc1cc(OC)c2c(c1OC)OCO2,Broth microdilution,Escherichia coli K-12,
13720081,CC(CCC(=O)O)C1CCC2C3C(=O)CC4CC(=O)CCC4(C)C3CC(=O)C12C,OHXPGWPVLFPUSM-UHFFFAOYSA-N,402.24062418799997,4.073300000000003,"3,7,12-trioxocholan-24-oic acid",2975.0,O=C1CCC2C(C1)CC(=O)C1C3CCCC3C(=O)CC21,88.50999999999999,-0.07,CC(CCC(=O)O)C1CCC2C3C(=O)CC4CC(=O)CCC4(C)C3CC(=O)C12C,Broth microdilution,Escherichia coli K-12,
14211124,COc1cccc(C2(O)CCCCC2CN(C)C)c1.Cl,PPKXEPBICJTCRU-UHFFFAOYSA-N,299.16520675199996,3.0564000000000022,[2-hydroxy-2-(3-methoxyphenyl)cyclohexyl]methyl-dimethylazanium chloride,45371471.0,c1ccc(C2CCCCC2)cc1,32.7,-0.0255449999999999,COc1cccc(C2(O)CCCCC2CN(C)C)c1.Cl,Broth microdilution,Escherichia coli K-12,
16857926,CCOCCn1c(N2CCCN(C)CC2)nc2ccccc21.O=C(O)C=CC(=O)O.O=C(O)C=CC(=O)O,FWLKKPKZQYVAFR-UHFFFAOYSA-N,534.2325786679999,1.6383000000000016,kb 2413; kg 2413; ly 188695; rapimine,441330.0,c1ccc2[nH]c(N3CCCNCC3)nc2c1,182.73,-0.1071999999999999,CCOCCn1c(N2CCCN(C)CC2)nc2ccccc21.O=C(O)C=CC(=O)O.O=C(O)C=CC(=O)O,Broth microdilution,Escherichia coli K-12,
19666438,CC12CCC3C(CCC4CC(O)CCC43C)C1CCC2=O,QGXBDMJGAMFCBF-UHFFFAOYSA-N,290.2245802,3.959100000000003,3-epiandrosterone,225.0,O=C1CCC2C1CCC1C3CCCCC3CCC21,37.3,-0.0165999999999999,CC12CCC3C(CCC4CC(O)CCC43C)C1CCC2=O,Broth microdilution,Escherichia coli K-12,
22938689,CCOc1ccc(Cc2nccc3cc(OCC)c(OCC)cc23)cc1OCC.Cl,UPUDVKWQBVIKBG-UHFFFAOYSA-N,431.18633611999996,5.842200000000006,"1-[(3,4-diethoxyphenyl)methyl]-6,7-diethoxyisoquinoline;hydron;chloride",118797690.0,c1ccc(Cc2nccc3ccccc23)cc1,49.81,0.238885,CCOc1ccc(Cc2nccc3cc(OCC)c(OCC)cc23)cc1OCC.Cl,Broth microdilution,Escherichia coli K-12,
25715442,CC1(C)C(=O)C2OC2C2(C)C1CC(O)C1(C)C2CCC2(C)C(c3ccoc3)OC(=O)C3OC321,UIUKQADPLSFRBN-UHFFFAOYSA-N,456.21480336399986,3.201100000000002,"1-(3-furyl)-5-hydroxy-4b,7,7,9b,11a-pentamethyldodecahydrooxireno[2,3-d]oxireno[2',3':7,8]naphtho[2,1-f]isochromene-3,8(3ah,4bh)-dione",628811.0,O=C1CC2CCC3C(CCC4C(c5ccoc5)OC(=O)C5OC543)C2C2OC12,101.8,-0.10545,CC1(C)C(=O)C2OC2C2(C)C1CC(O)C1(C)C2CCC2(C)C(c3ccoc3)OC(=O)C3OC321,Broth microdilution,Escherichia coli K-12,
26454321,O=C(O)CCc1nc(-c2ccccc2)c(-c2ccccc2)o1,OFPXSFXSNFPTHF-UHFFFAOYSA-N,293.10519334,4.025800000000003,oxaprozin,4614.0,c1ccc(-c2ncoc2-c2ccccc2)cc1,63.33,-0.1588499999999999,O=C(O)CCc1nc(-c2ccccc2)c(-c2ccccc2)o1,Broth microdilution,Escherichia coli K-12,
27311553,COC(=O)CC1C(C)(C)C(=O)C2CC3C4=CC(=O)OC(c5ccoc5)C4(C)CCC3C1(C)C2=O,SWTDXMBCOHIACK-UHFFFAOYSA-N,468.214803364,4.2199000000000035,"7,11-methano-2h-cycloocta[f][2]benzopyran-8-aceticacid,4-(3-furanyl)-4,4a,5,6,6a,7,8,9,10,11,12,12a-dodecahydro-4a,7,9,9-tetramethyl-2,10,13-trioxo-,methyl ester, (4r,4ar,7s,8s,11s)-",5194782.0,O=C1C=C2C(CCC3C4CCC(=O)C(CC23)C4=O)C(c2ccoc2)O1,99.88,-0.0747500000000001,COC(=O)CC1C(C)(C)C(=O)C2CC3C4=CC(=O)OC(c5ccoc5)C4(C)CCC3C1(C)C2=O,Broth microdilution,Escherichia coli K-12,
29079421,Cc1cc(O)c(C(=O)NC(C(=O)NC2C(=O)N3C(C(=O)O)=C(CSc4nnnn4C)CSC23)c2ccc(O)cc2)cn1,PWAUCHMQEXVFJR-UHFFFAOYSA-N,612.1209371080001,0.3267200000000013,cefpiramide acid; cefpiramide,2642.0,O=C(NC(C(=O)NC1C(=O)N2C=C(CSc3nnn[nH]3)CSC12)c1ccccc1)c1cccnc1,212.76,0.958428,Cc1cc(O)c(C(=O)NC(C(=O)NC2C(=O)N3C(C(=O)O)=C(CSc4nnnn4C)CSC23)c2ccc(O)cc2)cn1,Broth microdilution,Escherichia coli K-12,
30143097,CON=C(C(=O)NC1C(=O)N2C(C(=O)[O-])=C(COC(C)=O)CSC12)c1csc(N)n1.[Na+],AZZMGZXNTDTSME-UHFFFAOYSA-M,477.0388841320001,-4.953199999999996,"sodium (6r,7r)-3-[(acetyloxy)methyl]-7-[2-(2-amino-1,3-thiazol-4-yl)-2-(methoxyimino)acetamido]-8-oxo-5-thia-1-azabicyclo[4.2.0]oct-2-ene-2-carboxylate",44134618.0,N=C(C(=O)NC1C(=O)N2C=CCSC12)c1cscn1,176.34000000000003,0.9571815,CON=C(C(=O)NC1C(=O)N2C(C(=O)[O-])=C(COC(C)=O)CSC12)c1csc(N)n1.[Na+],Broth microdilution,Escherichia coli K-12,
30536183,CC1=Nc2ccc(Cl)cc2S(=O)(=O)N1,GDLBFKVLRPITMI-UHFFFAOYSA-N,229.991676144,1.6818,diazoxide,3019.0,O=S1(=O)NC=Nc2ccccc21,58.53,-0.03285,CC1=Nc2ccc(Cl)cc2S(=O)(=O)N1,Broth microdilution,Escherichia coli K-12,
32753893,COc1cc(OC)c2c(=O)c(O)c(-c3ccc(OC)c(OC)c3)oc2c1,AAASNKNLMQBKFV-UHFFFAOYSA-N,358.105252916,3.200000000000001,"quercetin 5,7,3',4'-tetramethyl ether",97142.0,O=c1cc(-c2ccccc2)oc2ccccc12,87.36000000000001,0.06842,COc1cc(OC)c2c(=O)c(O)c(-c3ccc(OC)c(OC)c3)oc2c1,Broth microdilution,Escherichia coli K-12,
34096931,CC(=O)Nc1cccc(O)c1,QLNWXBAGRTUKKI-UHFFFAOYSA-N,151.063328528,1.3505999999999998,3-hydroxyacetanilide,12124.0,c1ccccc1,49.33,-0.0818000000000001,CC(=O)Nc1cccc(O)c1,Broth microdilution,Escherichia coli K-12,
34481213,O=c1[nH]c(=O)n(C2CC(O)C(CO)O2)cc1I,XQFRJNBWHJMXHO-UHFFFAOYSA-N,353.97126945200006,-1.2181000000000002,"1-(4-hydroxy-5-hydroxymethyltetrahydrofuran-2-yl)-5-iodo-1h-pyrimidine-2,4-dione",3687.0,O=c1ccn(C2CCCO2)c(=O)[nH]1,104.55,-0.0587999999999999,O=c1[nH]c(=O)n(C2CC(O)C(CO)O2)cc1I,Broth microdilution,Escherichia coli K-12,
35214314,Oc1ccc(O)cc1,QIGBRXMKCJKVMJ-UHFFFAOYSA-N,110.036779432,1.0977999999999999,hydroquinone,785.0,c1ccccc1,40.46,-0.1403499999999999,Oc1ccc(O)cc1,Broth microdilution,Escherichia coli K-12,
35790632,Cl.NC12CC3CC(CC(C3)C1)C2,WOLHOYHSEKDWQH-UHFFFAOYSA-N,187.112777256,2.3357,adamantan-1-amine;hydron;chloride,19031614.0,C1C2CC3CC1CC(C2)C3,26.02,-0.11775,Cl.NC12CC3CC(CC(C3)C1)C2,Broth microdilution,Escherichia coli K-12,
35886842,C=C1C(C2(C)C=CC(=O)C(C)(C)C2CC(=O)OC)CCC2(C)C(c3ccoc3)OC(=O)C3OC132,BFUCTROUWLSVBH-UHFFFAOYSA-N,468.21480336399986,4.338300000000004,"methyl 2-[2-[4-(furan-3-yl)-4a-methyl-8-methylidene-2-oxo-4,5,6,7-tetrahydro-1ah-oxireno[2,3-d]isochromen-7-yl]-2,6,6-trimethyl-5-oxocyclohex-3-en-1-yl]acetate",4425075.0,C=C1C(C2C=CC(=O)CC2)CCC2C(c3ccoc3)OC(=O)C3OC132,95.34,-0.06915,C=C1C(C2(C)C=CC(=O)C(C)(C)C2CC(=O)OC)CCC2(C)C(c3ccoc3)OC(=O)C3OC132,Broth microdilution,Escherichia coli K-12,
35947982,Cc1cn[nH]c1.Cl,PUCXJHNDMYZOHG-UHFFFAOYSA-N,118.02977590399999,1.1399199999999998,4-methyl-1h-pyrazol-2-ium chloride,163355434.0,c1cn[nH]c1,28.68,-0.00834,Cc1cn[nH]c1.Cl,Broth microdilution,Escherichia coli K-12,
37378412,CCOC(=O)OC(C)OC(=O)C1N2C(=O)C(NC(=O)C(N)c3ccccc3)C2SC1(C)C.Cl,IWVTXAGTHUECPN-UHFFFAOYSA-N,501.133648916,1.717600000000001,"1-ethoxycarbonyloxyethyl 6-[(2-amino-2-phenylacetyl)amino]-3,3-dimethyl-7-oxo-4-thia-1-azabicyclo[3.2.0]heptane-2-carboxylate;hydrochloride",6419451.0,O=C(Cc1ccccc1)NC1C(=O)N2CCSC12,137.26000000000002,0.948869,CCOC(=O)OC(C)OC(=O)C1N2C(=O)C(NC(=O)C(N)c3ccccc3)C2SC1(C)C.Cl,Broth microdilution,Escherichia coli K-12,
37644530,CCn1cc(C(=O)O)c(=O)c2cc(F)c(N3CCNCC3)cc21,OGJPXUAPXNRGGI-UHFFFAOYSA-N,319.133219656,1.2683,cid 6919051,6919051.0,O=c1cc[nH]c2cc(N3CCNCC3)ccc12,74.57000000000001,0.9543985,CCn1cc(C(=O)O)c(=O)c2cc(F)c(N3CCNCC3)cc21,Broth microdilution,Escherichia coli K-12,
38177867,CC1(C)C(=O)C=CC2(C)C1C=CC1(C)C2CCC2(C)C(c3ccoc3)OC(=O)C3OC312,ZXHLDNILIVGKPC-UHFFFAOYSA-N,422.2093240599999,4.795100000000004,"7-(3-furyl)-1,8,12,16,16-pentamethyl-3,6-dioxapentacyclo[9.8.0.02,4.02,8.012,17]nonadeca-13,18-diene-5,15-dione",4376929.0,O=C1C=CC2C(C=CC3C2CCC2C(c4ccoc4)OC(=O)C4OC432)C1,69.03999999999999,-0.159,CC1(C)C(=O)C=CC2(C)C1C=CC1(C)C2CCC2(C)C(c3ccoc3)OC(=O)C3OC312,Broth microdilution,Escherichia coli K-12,
39862400,CN(C)CCOC(c1ccccc1)c1ccccc1.Cl,PCHPORCSPXIHLZ-UHFFFAOYSA-N,291.138992004,3.776000000000004,"2-(diphenylmethoxy)-n,n-dimethylethanaminium chloride",43833360.0,c1ccc(Cc2ccccc2)cc1,12.47,-0.1230500000000001,CN(C)CCOC(c1ccccc1)c1ccccc1.Cl,Broth microdilution,Escherichia coli K-12,
40282268,O=c1c(O)cccc2cc(O)c(O)c(O)c12,WDGFFVCWBZVLCE-UHFFFAOYSA-N,220.037173356,1.0223999999999998,purpurogallin,135403797.0,O=c1ccccc2ccccc12,97.99,0.0968449999999999,O=c1c(O)cccc2cc(O)c(O)c(O)c12,Broth microdilution,Escherichia coli K-12,
41261402,Cl.Cl.Cl.NCCCCNCCCN,LCNBIHVSOPXFMR-UHFFFAOYSA-N,253.08793074399998,0.9291,"n'-(3-aminopropyl)butane-1,4-diamine;hydron;trichloride",74764047.0,,64.07,0.0681749999999999,Cl.Cl.Cl.NCCCCNCCCN,Broth microdilution,Escherichia coli K-12,
43407199,CCCCCC1C(=O)CCC1CC(=O)OC,KVWWIYGFBYDJQC-UHFFFAOYSA-N,226.156894564,2.725100000000001,hedione,102861.0,O=C1CCCC1,43.370000000000005,-0.1859999999999999,CCCCCC1C(=O)CCC1CC(=O)OC,Broth microdilution,Escherichia coli K-12,
43738261,S=c1[nH]cnc2nc[nH]c12,GLVAUDGFNGKCSF-UHFFFAOYSA-N,152.015667128,1.0154899999999998,6-mercaptopurine,667490.0,S=c1[nH]cnc2nc[nH]c12,57.36,0.17776,S=c1[nH]cnc2nc[nH]c12,Broth microdilution,Escherichia coli K-12,
44091864,CC1=NN(c2ccccc2)C(=O)C1,QELUYTUMUWHWMC-UHFFFAOYSA-N,174.07931294,1.7992,mci-186,4021.0,O=C1CC=NN1c1ccccc1,32.67,0.07121,CC1=NN(c2ccccc2)C(=O)C1,Broth microdilution,Escherichia coli K-12,
44748513,COc1cc(C=O)ccc1O,MWOOGOJBHIARFG-UHFFFAOYSA-N,152.047344116,1.2132999999999998,vanillin,1183.0,c1ccccc1,46.53,0.017795,COc1cc(C=O)ccc1O,Broth microdilution,Escherichia coli K-12,
44861161,CN(C)CCC=C1c2ccccc2COc2ccc(CC(=O)O)cc21.Cl,HVRLZEKDTUEKQH-UHFFFAOYSA-N,373.14447130799994,4.011300000000004,2-[11-[3-(dimethylamino)propylidene]-6h-benzo[c][1]benzoxepin-2-yl]acetic acid;hydron;chloride,77279565.0,C=C1c2ccccc2COc2ccccc21,49.77,0.955827,CN(C)CCC=C1c2ccccc2COc2ccc(CC(=O)O)cc21.Cl,Broth microdilution,Escherichia coli K-12,
45531154,COc1cc(OC)c2c(c1)OC(c1ccccc1)CC2=O,IAFBOKYTDSDNHV-UHFFFAOYSA-N,284.104858992,3.410300000000002,"5,7-dimethoxyflavanone",378567.0,O=C1CC(c2ccccc2)Oc2ccccc21,44.760000000000005,0.1884,COc1cc(OC)c2c(c1)OC(c1ccccc1)CC2=O,Broth microdilution,Escherichia coli K-12,
45659966,C=CCSCC1Nc2cc(Cl)c(S(N)(=O)=O)cc2S(=O)(=O)N1,VGLGVJVUHYTIIU-UHFFFAOYSA-N,382.983496608,0.9365000000000001,althiazide,2122.0,O=S1(=O)NCNc2ccccc21,118.36,-0.0839499999999999,C=CCSCC1Nc2cc(Cl)c(S(N)(=O)=O)cc2S(=O)(=O)N1,Broth microdilution,Escherichia coli K-12,
47057150,Nc1nc(=O)n(C2CSC(CO)O2)cc1F,XQSPYNMVSIKCOC-UHFFFAOYSA-N,247.0426904,-0.4550000000000003,racivir,9837769.0,O=c1ncccn1C1CSCO1,90.37,-0.0636499999999999,Nc1nc(=O)n(C2CSC(CO)O2)cc1F,Broth microdilution,Escherichia coli K-12,
49143709,CC(C)C(N)C(=O)O,KZSNJWFQEVHDMF-UHFFFAOYSA-N,117.078978592,0.05430000000000007,2-azaniumyl-3-methylbutanoate,5237032.0,,63.32000000000001,0.0517499999999999,CC(C)C(N)C(=O)O,Broth microdilution,Escherichia coli K-12,
50692549,CC(N)CCCC(C)(C)O.Cl,JZNBMCOSOXIZJB-UHFFFAOYSA-N,181.12334194,1.6966,6-amino-2-methylheptan-2-ol;hydron;chloride,74764362.0,,46.25,-0.0402499999999999,CC(N)CCCC(C)(C)O.Cl,Broth microdilution,Escherichia coli K-12,
53029295,CN(C)CCC(c1ccccc1)c1ccccn1.O=C(O)C=CC(=O)O,SSOXZAQUVINQSA-UHFFFAOYSA-N,356.17360724799994,2.877,but-2-enedioate;dimethyl-(3-phenyl-3-pyridin-1-ium-2-yl-propyl)ammonium,443885.0,c1ccc(Cc2ccccn2)cc1,90.73,0.0339249999999999,CN(C)CCC(c1ccccc1)c1ccccn1.O=C(O)C=CC(=O)O,Broth microdilution,Escherichia coli K-12,
54378811,CC1(C)C=Cc2c(c3c(c4c(=O)c(-c5ccc(O)c(O)c5)coc24)OC(C)(C)CC3)O1,FYVQSXRFGAIFQK-UHFFFAOYSA-N,420.1572884879999,5.159000000000005,isopomiferin,20055152.0,O=c1c(-c2ccccc2)coc2c3c(c4c(c12)OCCC4)OCC=C3,89.13000000000001,0.0185899999999999,CC1(C)C=Cc2c(c3c(c4c(=O)c(-c5ccc(O)c(O)c5)coc24)OC(C)(C)CC3)O1,Broth microdilution,Escherichia coli K-12,
58195732,CC(COc1ccc(Oc2ccccc2)cc1)Oc1ccccn1,NHDHVHZZCFYRSB-UHFFFAOYSA-N,321.136493468,4.720200000000004,pyriproxyfen,91753.0,c1ccc(Oc2ccc(OCCOc3ccccn3)cc2)cc1,40.58,0.0277699999999999,CC(COc1ccc(Oc2ccccc2)cc1)Oc1ccccn1,Broth microdilution,Escherichia coli K-12,
58930282,Nc1ccc(S(=O)(=O)Nc2ncccn2)cc1,SEEPANYCNGTZFQ-UHFFFAOYSA-N,250.05244656,0.8596000000000001,sulfadiazine,5215.0,O=S(=O)(Nc1ncccn1)c1ccccc1,97.97,-0.0853999999999999,Nc1ccc(S(=O)(=O)Nc2ncccn2)cc1,Broth microdilution,Escherichia coli K-12,
60376332,CCOP(=S)(OCC)Oc1nc(Cl)c(Cl)cc1Cl,SBPBAQFWLVIOKP-UHFFFAOYSA-N,348.926283882,4.718100000000002,chlorpyrifos,2730.0,c1ccncc1,40.58,-0.0584,CCOP(=S)(OCC)Oc1nc(Cl)c(Cl)cc1Cl,Broth microdilution,Escherichia coli K-12,
60807654,CC(CCc1ccc(O)cc1)NCC(O)c1ccc(O)cc1.Cl,JHGSLSLUFMZUMK-UHFFFAOYSA-N,337.144471308,3.163900000000002,ractopamine hydrochloride,14010333.0,c1ccc(CCCNCCc2ccccc2)cc1,72.72,-0.0725,CC(CCc1ccc(O)cc1)NCC(O)c1ccc(O)cc1.Cl,Broth microdilution,Escherichia coli K-12,
62184198,COC(=O)C1C(O)CCC2CN3CCc4c([nH]c5ccccc45)C3CC21,BLGXFZZNTVWLAY-UHFFFAOYSA-N,354.194342692,2.647100000000001,amberlite cg 400,2866.0,c1ccc2c3c([nH]c2c1)C1CC2CCCCC2CN1CC3,65.56,-0.0048999999999999,COC(=O)C1C(O)CCC2CN3CCc4c([nH]c5ccccc45)C3CC21,Broth microdilution,Escherichia coli K-12,
62621066,CCCCCCCCNC(C)C(O)c1ccc(SC(C)C)cc1,BFCDFTHTSVTWOG-UHFFFAOYSA-N,337.24393574000004,5.559100000000006,4-((1-methylethyl)thio)-alpha-(1-(octylamino)ethyl)benzenemethanol,5354.0,c1ccccc1,32.26,0.566095,CCCCCCCCNC(C)C(O)c1ccc(SC(C)C)cc1,Broth microdilution,Escherichia coli K-12,
63334115,CN1C(=O)OC(C)(C)C1=O,IRYJRGCIQBGHIV-UHFFFAOYSA-N,143.058243148,0.37359999999999993,trimethadione,5576.0,O=C1COC(=O)N1,46.61,0.0855099999999999,CN1C(=O)OC(C)(C)C1=O,Broth microdilution,Escherichia coli K-12,
63833183,CC1(C)SC2C(NC(=O)C(C(=O)[O-])c3ccsc3)C(=O)N2C1C(=O)[O-].[Na+].[Na+],ZBBCUBMBMZNEME-UHFFFAOYSA-L,428.008866728,-8.11340000000001,"disodium;6-[[2-carboxylato-2-(3-thienyl)acetyl]amino]-3,3-dimethyl-7-oxo-4-thia-1-azabicyclo[3.2.0]heptane-2-carboxylate",101674990.0,O=C(Cc1ccsc1)NC1C(=O)N2CCSC12,129.67000000000002,-0.1487,CC1(C)SC2C(NC(=O)C(C(=O)[O-])c3ccsc3)C(=O)N2C1C(=O)[O-].[Na+].[Na+],Broth microdilution,Escherichia coli K-12,
64292186,COc1c2ccccc2nc2occc12,WIONIXOBNMDJFJ-UHFFFAOYSA-N,199.063328528,2.989600000000001,dictamnine,68085.0,c1ccc2nc3occc3cc2c1,35.260000000000005,0.30267,COc1c2ccccc2nc2occc12,Broth microdilution,Escherichia coli K-12,
65925565,CON=C(C(=O)NC1C(=O)N2C(C(=O)[O-])=C(CSc3nc(=O)c([O-])nn3C)CSC12)c1csc(N)n1.O.O.O.[Na+].[Na+],XMCDZRXQAGFWAK-UHFFFAOYSA-L,652.0416404640004,-11.631800000000005,,,N=C(C(=O)NC1C(=O)N2C=C(CSc3nc(=O)cn[nH]3)CSC12)c1cscn1,315.38000000000005,0.9506255,CON=C(C(=O)NC1C(=O)N2C(C(=O)[O-])=C(CSc3nc(=O)c([O-])nn3C)CSC12)c1csc(N)n1.O.O.O.[Na+].[Na+],Broth microdilution,Escherichia coli K-12,
66514940,C=CCC1(C(C)CCC)C(=O)N=C([S-])NC1=O.[Na+],LYZGJWXNOGIVQA-UHFFFAOYSA-M,276.090843064,-1.4515999999999971,"4,6-(1h,5h)-pyrimidinedione, dihydro-5-(1-methylbutyl)-5-(2-propenyl)-2-thioxo-, monosodium salt",91980486.0,O=C1CC(=O)NC=N1,58.53,-0.0337,C=CCC1(C(C)CCC)C(=O)N=C([S-])NC1=O.[Na+],Broth microdilution,Escherichia coli K-12,
67036774,CC(=O)Nc1ccc(CC(=O)O)cc1,MROJXXOCABQVEF-UHFFFAOYSA-N,193.073893212,1.2721,actarit,2018.0,c1ccccc1,66.4,-0.1655999999999999,CC(=O)Nc1ccc(CC(=O)O)cc1,Broth microdilution,Escherichia coli K-12,
67677248,O=C(OOC(=O)c1ccccc1)c1ccccc1,OMPJBNCRMGITSC-UHFFFAOYSA-N,242.0579088,2.615400000000001,benzoyl peroxide,7187.0,O=C(OOC(=O)c1ccccc1)c1ccccc1,52.6,0.0617799999999999,O=C(OOC(=O)c1ccccc1)c1ccccc1,Broth microdilution,Escherichia coli K-12,
67701920,COc1ccc(-c2cc(=O)c3c(OC)c(OC)c(OC)c(OC)c3o2)cc1,ULSUXBXHSYSGDT-UHFFFAOYSA-N,372.12090298,3.503000000000003,tangeretin,68077.0,O=c1cc(-c2ccccc2)oc2ccccc12,76.36000000000001,0.0673,COc1ccc(-c2cc(=O)c3c(OC)c(OC)c(OC)c(OC)c3o2)cc1,Broth microdilution,Escherichia coli K-12,
68111343,O=c1c(O)c(-c2ccc(O)cc2O)oc2cc(O)cc(O)c12,YXOLAZRVSSWPPT-UHFFFAOYSA-N,302.04265266,1.987999999999999,morin,5281670.0,O=c1cc(-c2ccccc2)oc2ccccc12,131.36,-0.1205499999999999,O=c1c(O)c(-c2ccc(O)cc2O)oc2cc(O)cc(O)c12,Broth microdilution,Escherichia coli K-12,
68441763,Cc1nccc2c1[nH]c1ccccc12,PSFDQSOCUJVVGF-UHFFFAOYSA-N,182.08439832,3.0245200000000008,harman,5281404.0,c1ccc2c(c1)[nH]c1cnccc12,28.68,-0.0274099999999999,Cc1nccc2c1[nH]c1ccccc12,Broth microdilution,Escherichia coli K-12,
68641301,CN1C(=O)CC(c2ccccc2)C1=O,WLWFNJKHKGIJNW-UHFFFAOYSA-N,189.078978592,1.1588999999999998,phensuximide,6839.0,O=C1CC(c2ccccc2)C(=O)N1,37.38,-0.0472300000000001,CN1C(=O)CC(c2ccccc2)C1=O,Broth microdilution,Escherichia coli K-12,
68645750,O=c1[nH]cnc2c1ncn2C1CCC(CO)O1,BXZVVICBKDXVGW-UHFFFAOYSA-N,236.090940244,-0.21050000000000008,"9-(5-(hydroxymethyl)oxolan-2-yl)-1,9-dihydro-6h-purin-6-one",135422442.0,O=c1[nH]cnc2c1ncn2C1CCCO1,93.03,0.390885,O=c1[nH]cnc2c1ncn2C1CCC(CO)O1,Broth microdilution,Escherichia coli K-12,
69192384,C1CNCCN1.CC12CCC3c4ccc(OS(=O)(=O)O)cc4CCC3C1CCC2=O,HZEQBCVBILBTEP-UHFFFAOYSA-N,436.20319312399994,2.4726,"(13-methyl-17-oxo-7,8,9,11,12,14,15,16-octahydro-6h-cyclopenta[a]phenanthren-3-yl) hydrogen sulfate;piperazine",21873159.0,C1CNCCN1.O=C1CCC2C1CCC1c3ccccc3CCC12,104.73000000000002,0.0348,C1CNCCN1.CC12CCC3c4ccc(OS(=O)(=O)O)cc4CCC3C1CCC2=O,Broth microdilution,Escherichia coli K-12,
70039863,NC(=O)Nc1ccc([As](=O)(O)O)cc1,WWXBHTZSYYGCSG-UHFFFAOYSA-N,259.977828268,-1.2617999999999998,carbarsone,8480.0,c1ccccc1,112.65,-0.0166999999999999,NC(=O)Nc1ccc([As](=O)(O)O)cc1,Broth microdilution,Escherichia coli K-12,
70469358,C=CCCCCCCCCCCCc1ccco1,KNKVJBRMGKXDGO-UHFFFAOYSA-N,248.21401551600002,5.909100000000006,avocadenofuran,6857792.0,c1ccoc1,13.14,0.0140599999999999,C=CCCCCCCCCCCCc1ccco1,Broth microdilution,Escherichia coli K-12,
70725982,CCCCC1C(=O)N(c2ccccc2)N(c2ccccc2)C1=O,VYMDGNCVAMGZFE-UHFFFAOYSA-N,308.15247787999994,3.7878000000000025,phenylbutazone,4781.0,O=C1CC(=O)N(c2ccccc2)N1c1ccccc1,40.620000000000005,-0.0496,CCCCC1C(=O)N(c2ccccc2)N(c2ccccc2)C1=O,Broth microdilution,Escherichia coli K-12,
71264959,CCCCCCCCC=CCCCCCCCC(=O)[O-].[NH3+]CCO,KGWDUNBJIMUFAP-UHFFFAOYSA-N,343.308644172,2.9944,2-hydroxyethylazanium;octadec-9-enoate,75633826.0,,88.0,0.334665,CCCCCCCCC=CCCCCCCCC(=O)[O-].[NH3+]CCO,Broth microdilution,Escherichia coli K-12,
73234208,CC1CC2C3CCC4=CC(=O)C=CC4(C)C3(F)C(O)CC2(C)C1C(=O)CO,VWVSBHGCDBMOOT-UHFFFAOYSA-N,376.20498762799997,2.7808000000000015,topisolon,3000.0,O=C1C=CC2C(=C1)CCC1C3CCCC3CCC21,74.6,-0.0843499999999999,CC1CC2C3CCC4=CC(=O)C=CC4(C)C3(F)C(O)CC2(C)C1C(=O)CO,Broth microdilution,Escherichia coli K-12,
74564994,CON=C(C(=O)NC1C(=O)N2C(C(=O)O)=C(CSC(=O)c3ccco3)CSC12)c1csc(N)n1.Cl,KEQFDTJEEQKVLM-UHFFFAOYSA-N,559.005688596,1.4027999999999996,"7-[[2-(2-amino-1,3-thiazol-4-yl)-2-methoxyiminoacetyl]amino]-3-(furan-2-carbonylsulfanylmethyl)-8-oxo-5-thia-1-azabicyclo[4.2.0]oct-2-ene-2-carboxylic acid;hydrochloride",73861436.0,N=C(C(=O)NC1C(=O)N2C=C(CSC(=O)c3ccco3)CSC12)c1cscn1,177.42000000000002,0.95529,CON=C(C(=O)NC1C(=O)N2C(C(=O)O)=C(CSC(=O)c3ccco3)CSC12)c1csc(N)n1.Cl,Broth microdilution,Escherichia coli K-12,
75376110,CCOC(=O)[N-]c1c[n+](N2CCOCC2)no1,XLFWDASMENKTKL-UHFFFAOYSA-N,242.101504928,0.09200000000000008,pharmakon1600-01500673,5360788.0,c1c[n+](N2CCOCC2)no1,82.78000000000002,0.062415,CCOC(=O)[N-]c1c[n+](N2CCOCC2)no1,Broth microdilution,Escherichia coli K-12,
76817461,CC(C)(C)C(O)(CCc1ccc(Cl)cc1)Cn1cncn1,PXMNMQRDXWABCY-UHFFFAOYSA-N,307.14514000400004,3.3415000000000017,tebuconazole,86102.0,c1ccc(CCCCn2cncn2)cc1,50.94,-0.0482499999999999,CC(C)(C)C(O)(CCc1ccc(Cl)cc1)Cn1cncn1,Broth microdilution,Escherichia coli K-12,
78270384,NC(N)=Nc1nc(CSCCC(N)=NS(N)(=O)=O)cs1,XUFQPHANEAPEMJ-UHFFFAOYSA-N,337.04493571999996,-0.7679999999999998,famotidine,5702160.0,c1cscn1,175.82999999999998,-0.0036499999999999,NC(N)=Nc1nc(CSCCC(N)=NS(N)(=O)=O)cs1,Broth microdilution,Escherichia coli K-12,
79289859,Nc1ccc(S(=O)(=O)Nc2ccccn2)cc1,GECHUMIMRBOMGK-UHFFFAOYSA-N,249.057197592,1.4646000000000001,sulfapyridine,5336.0,O=S(=O)(Nc1ccccn1)c1ccccc1,85.08,0.035375,Nc1ccc(S(=O)(=O)Nc2ccccn2)cc1,Broth microdilution,Escherichia coli K-12,
79496080,Cc1cccn2c(=O)c(-c3nnn[n-]3)cnc12.[K+],NMMVKSMGBDRONO-UHFFFAOYSA-N,266.031840524,-3.1838799999999994,"potassium 5-(9-methyl-4-oxo-4h-pyrido[1,2-a]pyrimidin-3-yl)tetrazol-2-ide",14853159.0,O=c1c(-c2nnn[n-]2)cnc2ccccn12,87.14,-0.04885,Cc1cccn2c(=O)c(-c3nnn[n-]3)cnc12.[K+],Broth microdilution,Escherichia coli K-12,
79773026,O=[N+]([O-])NC1=NCCN1Cc1ccc(Cl)nc1,YWTYJOPNNQFBPC-UHFFFAOYSA-N,255.05230224,0.6879,(z)-n-(1-((6-chloropyridin-3-yl)methyl)imidazolidin-2-ylidene)nitramide,135541675.0,C1=NCCN1Cc1cccnc1,83.66,-0.2166999999999999,O=[N+]([O-])NC1=NCCN1Cc1ccc(Cl)nc1,Broth microdilution,Escherichia coli K-12,
80945726,Cc1cc(-c2ccccc2)nnc1NCCN1CCOCC1.Cl.Cl,GNUCGROXDZMCJI-UHFFFAOYSA-N,370.132716748,3.0397200000000018,4-(2-((4-methyl-6-phenyl-3-pyridazinyl)amino)ethyl)morpholine dihydrochloride,25058183.0,c1ccc(-c2ccc(NCCN3CCOCC3)nn2)cc1,50.28,0.05789,Cc1cc(-c2ccccc2)nnc1NCCN1CCOCC1.Cl.Cl,Broth microdilution,Escherichia coli K-12,
82461671,COc1cccc(OC)c1O,KLIDCXVFHGNTTM-UHFFFAOYSA-N,154.06299418,1.4093999999999998,"2,6-dimethoxyphenol",7041.0,c1ccccc1,38.69,-0.076,COc1cccc(OC)c1O,Broth microdilution,Escherichia coli K-12,
83511000,Cl.Nc1c(Br)cc(Br)cc1CNC1CCC(O)CC1,QNVKOSLOVOTXKF-UHFFFAOYSA-N,411.955265108,3.6087000000000016,"(2-amino-3,5-dibromophenyl)methyl-(4-hydroxycyclohexyl)azanium chloride",171114762.0,c1ccc(CNC2CCCCC2)cc1,58.28,-0.0907,Cl.Nc1c(Br)cc(Br)cc1CNC1CCC(O)CC1,Broth microdilution,Escherichia coli K-12,
83741309,Cl.c1ccc2c(c1)CCCC2C1=NCCN1,BJORNXNYWNIWEY-UHFFFAOYSA-N,236.10802622399999,2.5300000000000002,"2-(1,2,3,4-tetrahydronaphthalen-1-yl)-4,5-dihydro-1h-imidazol-1-ium chloride",171114754.0,c1ccc2c(c1)CCCC2C1=NCCN1,24.39,-0.0323500000000001,Cl.c1ccc2c(c1)CCCC2C1=NCCN1,Broth microdilution,Escherichia coli K-12,
85478953,CCC1(c2ccccc2)C(=O)NC(=O)NC1=O,DDBREPKUVSBGFI-UHFFFAOYSA-N,232.084792244,0.7004,phenobarbital,4763.0,O=C1NC(=O)C(c2ccccc2)C(=O)N1,75.27000000000001,-0.0267999999999999,CCC1(c2ccccc2)C(=O)NC(=O)NC1=O,Broth microdilution,Escherichia coli K-12,
88733285,CC1(C)C=Cc2cc3ccc(=O)oc3cc2O1,QOTBQNVNUBKJMS-UHFFFAOYSA-N,228.078644244,2.9772000000000007,xanthyletin,65188.0,O=c1ccc2cc3c(cc2o1)OCC=C3,39.44,-0.0213749999999999,CC1(C)C=Cc2cc3ccc(=O)oc3cc2O1,Broth microdilution,Escherichia coli K-12,
89713857,Br.CN1C2CC(OC(=O)C(CO)c3ccccc3)CC1C1OC12,WTGQALLALWYDJH-UHFFFAOYSA-N,383.07322028399994,1.496,"9-methyl-3-oxa-9-azatricyclo[3.3.1.0<2,4>]non-7-yl 3-hydroxy-2-phenylpropanoat e, bromide",24207105.0,O=C(Cc1ccccc1)OC1CC2NC(C1)C1OC21,62.3,0.0585499999999999,Br.CN1C2CC(OC(=O)C(CO)c3ccccc3)CC1C1OC12,Broth microdilution,Escherichia coli K-12,
90946848,CCCCCCCCC(=O)O,FBUKVWPVBMHYJY-UHFFFAOYSA-N,158.130679816,2.821600000000001,nonanoic acid,8158.0,,37.3,0.1194049999999999,CCCCCCCCC(=O)O,Broth microdilution,Escherichia coli K-12,
91486366,O=C([O-])CCNC(=O)c1ccc(N=Nc2ccc(O)c(C(=O)[O-])c2)cc1.[Na+].[Na+],CKMOQBVBEGCJGW-UHFFFAOYSA-L,401.059973696,-5.951099999999998,balsalazide (disodium),136000818.0,c1ccc(N=Nc2ccccc2)cc1,154.31,0.0007899999999999,O=C([O-])CCNC(=O)c1ccc(N=Nc2ccc(O)c(C(=O)[O-])c2)cc1.[Na+].[Na+],Broth microdilution,Escherichia coli K-12,
92898166,C=C(CC)C(=O)c1ccc(OCC(=O)O)c(Cl)c1Cl,AVOLMBLBETYQHX-UHFFFAOYSA-N,302.011264224,3.6057000000000023,ethacrynic acid,3278.0,c1ccccc1,63.60000000000001,-0.0779499999999999,C=C(CC)C(=O)c1ccc(OCC(=O)O)c(Cl)c1Cl,Broth microdilution,Escherichia coli K-12,
93182779,CN(C)CCCN1c2ccccc2CCc2ccccc21.Cl,XZZXIYZZBJDEEP-UHFFFAOYSA-N,316.17062648,4.296800000000005,"3-(10,11-dihydro-5h-dibenzo[b,f]azepin-5-yl)-n,n-dimethylpropan-1-aminium chloride",15893898.0,c1ccc2c(c1)CCc1ccccc1N2,6.48,0.092705,CN(C)CCCN1c2ccccc2CCc2ccccc21.Cl,Broth microdilution,Escherichia coli K-12,
93364797,COc1ccc(CNc2nc(N3CCCC3CO)ncc2C(=O)NCc2ncccn2)cc1Cl,WEAJZXNPAWBCOA-UHFFFAOYSA-N,483.17856537200004,2.4318,4-((3-chloro-4-methoxybenzyl)amino)-2-(2-(hydroxymethyl)pyrrolidin-1-yl)-n-(pyrimidin-2-ylmethyl)pyrimidine-5-carboxamide,18762634.0,O=C(NCc1ncccn1)c1cnc(N2CCCC2)nc1NCc1ccccc1,125.39,-0.0360499999999999,COc1ccc(CNc2nc(N3CCCC3CO)ncc2C(=O)NCc2ncccn2)cc1Cl,Broth microdilution,Escherichia coli K-12,
98521080,CC12CCCC(O)(C1)C1CC(C)(C)C1CC2,FUQAYSQLAOJBBC-UHFFFAOYSA-N,222.198365452,3.7539000000000025,beta-caryophyllene alcohol,61125.0,C1CC2CCC3CCC3C(C1)C2,20.23,-0.0988500000000001,CC12CCCC(O)(C1)C1CC(C)(C)C1CC2,Broth microdilution,Escherichia coli K-12,
99275533,CCCCCCCCCCCCC(C(=O)O)C(C)C(=O)O,CADNMISJDLVPCK-UHFFFAOYSA-N,300.230059504,4.718900000000003,2-dodecyl-3-methylbutanedioic acid,99891.0,,74.6,-0.0067349999999999,CCCCCCCCCCCCC(C(=O)O)C(C)C(=O)O,Broth microdilution,Escherichia coli K-12,
99349341,Clc1ccc2c(c1)C(N1CCNCC1)=Nc1ccccc1O2,QWGDMFLQWFTERH-UHFFFAOYSA-N,313.09818981199993,3.4292000000000025,amoxapine,2170.0,c1ccc2c(c1)N=C(N1CCNCC1)c1ccccc1O2,36.86,0.207335,Clc1ccc2c(c1)C(N1CCNCC1)=Nc1ccccc1O2,Broth microdilution,Escherichia coli K-12,
99605331,NCCCNCCCCNCCCN,PFNFFQXMRSDOHW-UHFFFAOYSA-N,202.21574683199998,-0.35659999999999775,spermine,1103.0,,76.1,-0.1079499999999999,NCCCNCCCCNCCCN,Broth microdilution,Escherichia coli K-12,
